path,type,size,hash
README.md,DOCUMENTATION,996,6a53c5a3d0646fb030aefb817e7e5d2e
requirements.txt,DOCUMENTATION,80,1b5eef3e09d02e38f0fa7eebde3e9f6a
configs/feature_schema.json,CONFIG,3,8a80554c91d9fca8acb82f023de02f11
configs/model_config.json,CONFIG,47,8473e228d3bfe12c2df5f77414f863ec
configs/recommendation_config.json,CONFIG,339,b38448b1341bd696b171975313406e86
data/processed/final_all17_training_dataset.csv,DATASET,63113,2d485fc875261c99e62aa2f7fcd1fc3e
data/processed/final_gpr_training_dataset.csv,DATASET,55167,c147f06bbfbb6d78ea20030cac41d304
data/processed/future_wear_rate_dataset.csv,DATASET,569508,f749ef2f2a2f832ed06b0f421b90dbe3
data/processed/future_wear_rate_h10.csv,DATASET,535389,df2864cd42fad4925955e5a77d439b97
data/processed/future_wear_rate_h15.csv,DATASET,504929,d97307923dfa004d435fc556ba985cb7
data/processed/future_wear_rate_h20.csv,DATASET,471255,1e3fa33e8208f74d485259a149e1a49c
data/processed/future_wear_rate_h5.csv,DATASET,569508,f749ef2f2a2f832ed06b0f421b90dbe3
data/processed/optimization_cleaned_dataset.csv,DATASET,639833,9a150aabcfd03a8843b2edf6bf9f997e
data/processed/optimization_features.csv,DATASET,63113,2d485fc875261c99e62aa2f7fcd1fc3e
data/processed/preprocessing_metadata.json,CONFIG,1125,b1370e338c68adce9e6de68afc4a5378
datasets/extracted/MATWI/Set1/Set1/images/File_name_2022-09-09T13_42_21.698185.jpg,OTHER,6782162,94bc38b7593dc9a8bf70063cb949b6a3
datasets/extracted/MATWI/Set1/Set1/images/File_name_2022-09-09T13_57_28.118460.jpg,OTHER,6792833,cb306f36c24be73ecf504db8e0cd4a63
datasets/extracted/MATWI/Set1/Set1/images/File_name_2022-09-09T14_02_11.912597.jpg,OTHER,6791204,3adb81e249163230682b1336e31d115e
datasets/extracted/MATWI/Set1/Set1/images/File_name_2022-09-09T14_06_06.154768.jpg,OTHER,6796068,c59da3a1a2c78ab122ee5cf1ffc2531f
datasets/extracted/MATWI/Set1/Set1/images/File_name_2022-09-09T14_15_05.378030.jpg,OTHER,6798807,f0ec548daa3ba251c613541431f33c6a
datasets/extracted/MATWI/Set1/Set1/images/File_name_2022-09-12T08_48_35.215462.jpg,OTHER,6804997,e06bd4624dc67dbb61b395c718266e98
datasets/extracted/MATWI/Set1/Set1/images/File_name_2022-09-12T08_56_24.608623.jpg,OTHER,6829264,73e5bd03eaca5cd18a3dac1a0548b764
datasets/extracted/MATWI/Set1/Set1/images/File_name_2022-09-12T08_58_49.608028.jpg,OTHER,6806890,e07b26a730830955dce52ab195e0305d
datasets/extracted/MATWI/Set1/Set1/images/File_name_2022-09-12T09_01_08.354120.jpg,OTHER,6792747,b2c726fe796781018f365c8298503045
datasets/extracted/MATWI/Set1/Set1/images/File_name_2022-09-12T09_07_01.374915.jpg,OTHER,6850824,b2d00622b046de3831ee724cbd0b11da
datasets/extracted/MATWI/Set1/Set1/images/File_name_2022-09-12T09_09_06.767793.jpg,OTHER,6838789,f47fa8e7261eb803292004ae862c57d3
datasets/extracted/MATWI/Set1/Set1/images/File_name_2022-09-12T09_11_05.081835.jpg,OTHER,6830014,037976277784d64953f866a4c846afd7
datasets/extracted/MATWI/Set1/Set1/images/File_name_2022-09-12T09_13_13.903865.jpg,OTHER,6827608,a68390758b06b1b1e1f7625ea857ef6c
datasets/extracted/MATWI/Set1/Set1/images/File_name_2022-09-12T09_15_22.776469.jpg,OTHER,6825385,6d4a3eb68fcba82e9df7a32087291bb7
datasets/extracted/MATWI/Set1/Set1/images/File_name_2022-09-12T09_19_27.119246.jpg,OTHER,6820974,1e2bb1c41485db48a2d40c474b7d38b8
datasets/extracted/MATWI/Set1/Set1/images/File_name_2022-09-12T09_21_26.862444.jpg,OTHER,6820923,69d94ed6168757f4775105dfcfa2a8d3
datasets/extracted/MATWI/Set1/Set1/images/File_name_2022-09-12T09_23_33.156362.jpg,OTHER,6824636,dc96b8648415f75d9394d0479018abe1
datasets/extracted/MATWI/Set1/Set1/images/File_name_2022-09-12T09_25_39.907591.jpg,OTHER,6828601,1998d75c5fad8c18725951f576048e85
datasets/extracted/MATWI/Set1/Set1/images/File_name_2022-09-12T09_27_47.208839.jpg,OTHER,6826950,629e969d531c171ad629d91e93a3b799
datasets/extracted/MATWI/Set1/Set1/images/File_name_2022-09-12T09_29_54.957312.jpg,OTHER,6824338,b4accc904f4ce339b93201fa8d68ac64
datasets/extracted/MATWI/Set1/Set1/images/File_name_2022-09-12T09_31_53.575470.jpg,OTHER,6829458,0ab40cc2b6ad3dd5532a6fdff406df44
datasets/extracted/MATWI/Set1/Set1/images/File_name_2022-09-12T09_33_53.019030.jpg,OTHER,6821809,16fcb6881fa225b4588b99ab0fd5300c
datasets/extracted/MATWI/Set1/Set1/images/File_name_2022-09-12T09_35_53.774433.jpg,OTHER,6819641,b45679d7ff829895549e78cd83a831cf
datasets/extracted/MATWI/Set1/Set1/images/File_name_2022-09-12T09_37_59.040002.jpg,OTHER,6816962,2f7ddd42975d042c43dc069c5737ea32
datasets/extracted/MATWI/Set1/Set1/images/File_name_2022-09-12T09_40_04.994651.jpg,OTHER,6820416,fdc9000dc2644ad9f43b14807bf11121
datasets/extracted/MATWI/Set1/Set1/images/File_name_2022-09-12T09_43_25.093329.jpg,OTHER,6818616,55fd4de86eb9e7e032762befc22d4936
datasets/extracted/MATWI/Set1/Set1/images/File_name_2022-09-12T09_45_42.365918.jpg,OTHER,6826221,0aa78ca76da3eff2ccceeaf0568f75ca
datasets/extracted/MATWI/Set1/Set1/images/File_name_2022-09-12T09_48_02.084125.jpg,OTHER,6805774,7ec72b8ebc6cae9e1937021fc4288f62
datasets/extracted/MATWI/Set1/Set1/images/File_name_2022-09-12T09_50_08.776597.jpg,OTHER,6822969,2868b48da177d500c33ef7a7fa33de27
datasets/extracted/MATWI/Set1/Set1/images/File_name_2022-09-12T09_55_46.480199.jpg,OTHER,6841122,a4bf296fac30f751a09674fea0fae2af
datasets/extracted/MATWI/Set1/Set1/images/File_name_2022-09-12T09_57_53.744816.jpg,OTHER,6821203,9399d636c778805b141c6bc4ee47d701
datasets/extracted/MATWI/Set1/Set1/images/File_name_2022-09-12T10_00_09.412641.jpg,OTHER,6817470,ce4e933c0dac0ffd0a7c521b228ca485
datasets/extracted/MATWI/Set1/Set1/images/File_name_2022-09-12T10_02_21.069953.jpg,OTHER,6812693,152b9ef9294d9a148c29c1f252712123
datasets/extracted/MATWI/Set1/Set1/images/File_name_2022-09-12T10_04_31.397782.jpg,OTHER,6799505,67f93e47fa66fe7dd2c20d0a57a26ff3
datasets/extracted/MATWI/Set1/Set1/images/File_name_2022-09-12T10_07_37.321185.jpg,OTHER,6800441,7b6faad9a1ae6c5e6e2503e14b75c1e0
datasets/extracted/MATWI/Set1/Set1/images/File_name_2022-09-12T10_09_37.545252.jpg,OTHER,6814109,8060b157f4d810a1908acf945da68218
datasets/extracted/MATWI/Set1/Set1/images/File_name_2022-09-12T10_11_38.191326.jpg,OTHER,6814328,f5e2cd86dc162de3faf31993561465f5
datasets/extracted/MATWI/Set1/Set1/images/File_name_2022-09-12T10_15_36.860270.jpg,OTHER,6818245,9c5d68c8b376a4241e530d036498a745
datasets/extracted/MATWI/Set1/Set1/images/File_name_2022-09-12T10_17_32.840578.jpg,OTHER,6801336,7d3896bcd2677df1c1ca6947e508efd0
datasets/extracted/MATWI/Set1/Set1/images/File_name_2022-09-12T10_22_29.720753.jpg,OTHER,6793183,af824a7891c27089d738cc2a48af7852
datasets/extracted/MATWI/Set1/Set1/images/File_name_2022-09-12T10_24_30.460812.jpg,OTHER,6791119,eb4ff6f78f0a5c89c9a71e440ac388de
datasets/extracted/MATWI/Set1/Set1/images/File_name_2022-09-12T10_26_43.266454.jpg,OTHER,6789477,cb8910808cf688429526d66f44a60d80
datasets/extracted/MATWI/Set1/Set1/images/File_name_2022-09-12T10_28_49.915862.jpg,OTHER,6799547,7a92993f0905d68da6122fc8101f1bb2
datasets/extracted/MATWI/Set1/Set1/images/File_name_2022-09-12T10_35_38.805281.jpg,OTHER,6816010,e9863dfd504ce23a0f6ee1b00af362b0
datasets/extracted/MATWI/Set1/Set1/images/File_name_2022-09-12T10_38_15.485895.jpg,OTHER,6814666,ab34a6c032340c12b94e9d2797f08564
datasets/extracted/MATWI/Set1/Set1/images/File_name_2022-09-12T10_40_27.461151.jpg,OTHER,6809426,fc0d206a6add486bdcfc699d62fb7047
datasets/extracted/MATWI/Set1/Set1/images/File_name_2022-09-12T10_42_44.422955.jpg,OTHER,6805052,445219a8ec59b112d07e24d0398e280d
datasets/extracted/MATWI/Set1/Set1/images/File_name_2022-09-12T10_44_54.513060.jpg,OTHER,6795713,7912362277b5ccf16dd4243823846f53
datasets/extracted/MATWI/Set1/Set1/images/File_name_2022-09-12T10_47_36.153923.jpg,OTHER,6797609,b3a84c51f1049d1eee73b447a56447c6
datasets/extracted/MATWI/Set1/Set1/images/File_name_2022-09-12T10_49_52.528862.jpg,OTHER,6807188,ce4ef14c7fee3435ff19329fde1c0b92
datasets/extracted/MATWI/Set1/Set1/images/File_name_2022-09-12T10_52_21.549672.jpg,OTHER,6816357,8d3a0566b34355fc1d19f751fd8981be
datasets/extracted/MATWI/Set1/Set1/images/File_name_2022-09-12T10_56_21.081558.jpg,OTHER,6811500,80f68d8123f662a12d55666d38f7ebac
datasets/extracted/MATWI/Set1/Set1/images/File_name_2022-09-12T11_15_33.164581.jpg,OTHER,6819389,e4b8c15f55a67e2c48615eea2226035f
datasets/extracted/MATWI/Set1/Set1/images/File_name_2022-09-12T11_18_38.855398.jpg,OTHER,6810694,bd792a0649e3dabad66ce2671be60969
datasets/extracted/MATWI/Set1/Set1/images/File_name_2022-09-12T11_20_44.197511.jpg,OTHER,6804606,aa40fd9f797ca680537e5b82ab3f9fea
datasets/extracted/MATWI/Set1/Set1/images/File_name_2022-09-12T11_23_05.738431.jpg,OTHER,6808509,1c35e6e2967cf6714b2d8ad5401b2773
datasets/extracted/MATWI/Set1/Set1/images/File_name_2022-09-12T11_25_10.039039.jpg,OTHER,6796462,7dfd4c6af764e955b053c6a28647f23c
datasets/extracted/MATWI/Set1/Set1/images/File_name_2022-09-12T11_27_14.233570.jpg,OTHER,6804229,52279e92eb495af367885572e50032d3
datasets/extracted/MATWI/Set1/Set1/images/File_name_2022-09-12T11_29_27.083333.jpg,OTHER,6813831,ad2a9db1b4e95da796c9cef9d94159f0
datasets/extracted/MATWI/Set1/Set1/images/File_name_2022-09-12T11_33_32.056391.jpg,OTHER,6802527,b52ef0255568bd646e1a0d392f90ada2
datasets/extracted/MATWI/Set1/Set1/images/File_name_2022-09-12T11_35_44.686279.jpg,OTHER,6804824,99aff55ec7f5bd7e3a9e9e58058ef75f
datasets/extracted/MATWI/Set1/Set1/images/File_name_2022-09-12T11_41_52.291108.jpg,OTHER,6742716,a643399e5e730bd3520f61535f4dc9d0
datasets/extracted/MATWI/Set1/Set1/images/File_name_2022-09-12T11_44_06.742034.jpg,OTHER,6743193,7f3ad2a3b37f281ea35e5d325ff3b159
datasets/extracted/MATWI/Set1/Set1/images/File_name_2022-09-12T11_46_30.970245.jpg,OTHER,6757791,fc0c5a6ceeb47a757ea59bc17bc8305e
datasets/extracted/MATWI/Set1/Set1/images/File_name_2022-09-12T11_48_45.804052.jpg,OTHER,6763837,fc64547929de76c3ca73b56366a153ea
datasets/extracted/MATWI/Set1/Set1/images/File_name_2022-09-12T11_53_24.297831.jpg,OTHER,6755095,2a6774258e9d93a5d7c132e39643469a
datasets/extracted/MATWI/Set1/Set1/images/File_name_2022-09-12T11_55_47.449873.jpg,OTHER,6766042,c965f4a734c91976990e044ef148cf0e
datasets/extracted/MATWI/Set1/Set1/images/File_name_2022-09-12T11_58_23.896267.jpg,OTHER,6724866,ffa0a9ae670a68ff700f9e6169fdb749
datasets/extracted/MATWI/Set1/Set1/images/File_name_2022-09-12T12_02_54.028142.jpg,OTHER,6776635,fce0c08fb10ba56620d9f38eec40b2e7
datasets/extracted/MATWI/Set1/Set1/images/File_name_2022-09-12T12_05_03.715373.jpg,OTHER,6746420,fba2a4c146d7935b045fd74078eb579c
datasets/extracted/MATWI/Set1/Set1/images/File_name_2022-09-12T12_07_18.678349.jpg,OTHER,6741631,67b6dace4294a5eb255a2c2cd5571116
datasets/extracted/MATWI/Set1/Set1/images/File_name_2022-09-12T12_09_54.485166.jpg,OTHER,6733457,16fb59f549beaa5602cbe21b7852c52d
datasets/extracted/MATWI/Set1/Set1/images/File_name_2022-09-12T12_12_23.592235.jpg,OTHER,6666759,b70c06ffc64edff4be2abe1c385eb375
datasets/extracted/MATWI/Set1/Set1/images/File_name_2022-09-12T12_15_22.826399.jpg,OTHER,6672366,b59543319501b0caa409d811e535a439
datasets/extracted/MATWI/Set1/Set1/images/File_name_2022-09-12T12_17_36.731095.jpg,OTHER,6681865,1d33ed63a85151317eb8f5e7a0807072
datasets/extracted/MATWI/Set1/Set1/images/File_name_2022-09-12T12_19_54.036670.jpg,OTHER,6689586,3869283ac9842776d4137d7a5cde31ac
datasets/extracted/MATWI/Set1/Set1/images/File_name_2022-09-12T12_22_12.023077.jpg,OTHER,6691265,498c9d3d8a95364431a4292d9a4cc967
datasets/extracted/MATWI/Set1/Set1/images/File_name_2022-09-12T12_27_16.916823.jpg,OTHER,6686684,14d0bc258a34a8340d9c847f5c8b8664
datasets/extracted/MATWI/Set1/Set1/images/File_name_2022-09-12T12_29_20.697502.jpg,OTHER,6691370,c3b6e496b0fdec9fb9f6e739122dfd17
datasets/extracted/MATWI/Set1/Set1/images/File_name_2022-09-12T12_31_21.195184.jpg,OTHER,6695226,c7286e3ae2207898bb0c42e0f84db4cb
datasets/extracted/MATWI/Set1/Set1/images/File_name_2022-09-12T12_33_54.210917.jpg,OTHER,6690065,1945abfdda7ea3817b64354b381dba0b
datasets/extracted/MATWI/Set1/Set1/images/File_name_2022-09-12T12_35_57.319118.jpg,OTHER,6683725,1e0aae4d3cd4e8b91c6165b980de7844
datasets/extracted/MATWI/Set1/Set1/images/File_name_2022-09-12T12_38_02.631694.jpg,OTHER,6685027,7587db4ed69bb74ba65daaa7e8cde766
datasets/extracted/MATWI/Set1/Set1/images/File_name_2022-09-12T12_40_06.290407.jpg,OTHER,6688032,acffa238d1f46b10ba460a674a05f193
datasets/extracted/MATWI/Set1/Set1/images/File_name_2022-09-12T12_42_13.515769.jpg,OTHER,6686300,5904f66256abed6a609f75955bbd3c25
datasets/extracted/MATWI/Set1/Set1/images/File_name_2022-09-12T12_44_33.235815.jpg,OTHER,6687040,5552302a483b129db643d918a49dd4a3
datasets/extracted/MATWI/Set1/Set1/images/File_name_2022-09-12T12_46_37.933986.jpg,OTHER,6692637,97d14754d552dcd4696b56f102342932
datasets/extracted/MATWI/Set1/Set1/images/File_name_2022-09-12T12_48_50.150869.jpg,OTHER,6690392,748fbf6a3879a26932da06f26ab30524
datasets/extracted/MATWI/Set1/Set1/images/File_name_2022-09-12T12_50_47.293100.jpg,OTHER,6694345,9895e613dd0326b22c0059bc4318f7fe
datasets/extracted/MATWI/Set1/Set1/images/File_name_2022-09-12T12_52_53.015438.jpg,OTHER,6665165,95c0940d51e76750adc17255e40438fe
datasets/extracted/MATWI/Set1/Set1/images/File_name_2022-09-12T12_58_12.605241.jpg,OTHER,6663126,8d11756147912dce02e3ce920ee79dc1
datasets/extracted/MATWI/Set1/Set1/images/File_name_2022-09-12T13_00_26.578508.jpg,OTHER,335661,6543db197e831e9591eef5f610ab3563
datasets/extracted/MATWI/Set1/Set1/sensordata/File_name_2022-09-09T13_30_37.534347.csv,DATASET,5615278,72d7e6d27b910f2bb4e92c4cae9dd327
datasets/extracted/MATWI/Set1/Set1/sensordata/File_name_2022-09-09T13_42_22.323924.csv,DATASET,4947144,8284b91ca3f684bf9b97514d85a02889
datasets/extracted/MATWI/Set1/Set1/sensordata/File_name_2022-09-09T13_57_28.734803.csv,DATASET,4968102,8ae63dd964b699e2f00fade58a575394
datasets/extracted/MATWI/Set1/Set1/sensordata/File_name_2022-09-09T14_02_12.498379.csv,DATASET,4800897,ded6357e0d9ca6eb31b9dbdcd076fc46
datasets/extracted/MATWI/Set1/Set1/sensordata/File_name_2022-09-09T14_06_06.752937.csv,DATASET,4805430,86ce68755a7e12ef9f25e181b3abd416
datasets/extracted/MATWI/Set1/Set1/sensordata/File_name_2022-09-09T14_15_05.957496.csv,DATASET,5009545,bb34b63d7b263e9cc3d3ab407d1ccefb
datasets/extracted/MATWI/Set1/Set1/sensordata/File_name_2022-09-12T08_51_42.461515.csv,DATASET,4795277,7d26ea5ffec7e27d3e09749b86b8db23
datasets/extracted/MATWI/Set1/Set1/sensordata/File_name_2022-09-12T08_56_25.188628.csv,DATASET,4923021,160a7fa354ad54e0a0febe534bb8a10f
datasets/extracted/MATWI/Set1/Set1/sensordata/File_name_2022-09-12T08_58_50.170371.csv,DATASET,4928865,61726fb0514b51e0e1e5337ca72c0ced
datasets/extracted/MATWI/Set1/Set1/sensordata/File_name_2022-09-12T09_01_08.946933.csv,DATASET,4934036,43cd96a2aef293bb3b7fdab326886493
datasets/extracted/MATWI/Set1/Set1/sensordata/File_name_2022-09-12T09_03_06.318865.csv,DATASET,4615525,9d002f23701cc68657a1481fb24cb99e
datasets/extracted/MATWI/Set1/Set1/sensordata/File_name_2022-09-12T09_07_01.956081.csv,DATASET,4943932,8f67d571bf48e5ba7e79360dc419f084
datasets/extracted/MATWI/Set1/Set1/sensordata/File_name_2022-09-12T09_09_07.367746.csv,DATASET,4948748,fc3a757bee4223f4b2a76ad1cde44ba1
datasets/extracted/MATWI/Set1/Set1/sensordata/File_name_2022-09-12T09_11_05.673758.csv,DATASET,4761130,c1400a7d06041dc4613a481dd755e06f
datasets/extracted/MATWI/Set1/Set1/sensordata/File_name_2022-09-12T09_13_14.477807.csv,DATASET,4637788,1c080d8c0720ab4c3b95c4c85670bd8f
datasets/extracted/MATWI/Set1/Set1/sensordata/File_name_2022-09-12T09_15_23.363035.csv,DATASET,4961478,5f66f13ddd7400e3d6587b03cda9295b
datasets/extracted/MATWI/Set1/Set1/sensordata/File_name_2022-09-12T09_19_27.713992.csv,DATASET,4968642,29221b916659625b7f4d892b55ec3921
datasets/extracted/MATWI/Set1/Set1/sensordata/File_name_2022-09-12T09_21_27.462389.csv,DATASET,4973302,d3786d9c327d45707ae46bfdf578598d
datasets/extracted/MATWI/Set1/Set1/sensordata/File_name_2022-09-12T09_23_33.746720.csv,DATASET,4977144,3b5bd0f6b511104c251b76a42ca0838d
datasets/extracted/MATWI/Set1/Set1/sensordata/File_name_2022-09-12T09_25_40.480786.csv,DATASET,4978008,379ad213f6dbb2fc979e7e1f48cbf95b
datasets/extracted/MATWI/Set1/Set1/sensordata/File_name_2022-09-12T09_27_47.808772.csv,DATASET,4978306,57b15d6b4dae9fd35a6624a36993d4e3
datasets/extracted/MATWI/Set1/Set1/sensordata/File_name_2022-09-12T09_29_55.567305.csv,DATASET,4980577,079dce30452ca4be8c17864d32c77a22
datasets/extracted/MATWI/Set1/Set1/sensordata/File_name_2022-09-12T09_31_54.159555.csv,DATASET,4979881,5dc8c63b9a3a6146ea2e83101444ee8e
datasets/extracted/MATWI/Set1/Set1/sensordata/File_name_2022-09-12T09_33_53.610398.csv,DATASET,4980383,1ed0f28dd9a2f7ec01168701f3c6b06d
datasets/extracted/MATWI/Set1/Set1/sensordata/File_name_2022-09-12T09_35_54.356163.csv,DATASET,4980162,b0670fdacb242bcc7ff699424a7e197d
datasets/extracted/MATWI/Set1/Set1/sensordata/File_name_2022-09-12T09_37_59.637304.csv,DATASET,4979950,49ff535bfe5f7e394593867fe3d9a537
datasets/extracted/MATWI/Set1/Set1/sensordata/File_name_2022-09-12T09_40_05.552384.csv,DATASET,4982102,2692641ca21afd27bbd32add07aabc48
datasets/extracted/MATWI/Set1/Set1/sensordata/File_name_2022-09-12T09_43_25.715700.csv,DATASET,4987040,ba2aa4c758e455ed7ef1e2e72e8c32aa
datasets/extracted/MATWI/Set1/Set1/sensordata/File_name_2022-09-12T09_45_42.948646.csv,DATASET,4988715,43690a211cf941ae42a9683d1412d978
datasets/extracted/MATWI/Set1/Set1/sensordata/File_name_2022-09-12T09_48_02.664118.csv,DATASET,4989812,e9d0f038a81186f6878bcc02ab5b461f
datasets/extracted/MATWI/Set1/Set1/sensordata/File_name_2022-09-12T09_50_09.386842.csv,DATASET,4990585,ae647ff3e7e494fa85e05005c8978c99
datasets/extracted/MATWI/Set1/Set1/sensordata/File_name_2022-09-12T09_52_10.148491.csv,DATASET,4989960,62cb40bf500e0e4558be942a8522da7b
datasets/extracted/MATWI/Set1/Set1/sensordata/File_name_2022-09-12T09_55_47.077236.csv,DATASET,4991045,91148b454342d9e9466dec3bdc7a9b75
datasets/extracted/MATWI/Set1/Set1/sensordata/File_name_2022-09-12T09_57_54.326257.csv,DATASET,4991059,e811017bca4a539e61bc2b79b339ff4b
datasets/extracted/MATWI/Set1/Set1/sensordata/File_name_2022-09-12T10_00_09.993241.csv,DATASET,4989345,1d864bf2d272191ed4259bbb13643ad7
datasets/extracted/MATWI/Set1/Set1/sensordata/File_name_2022-09-12T10_02_21.649951.csv,DATASET,4988679,b72227c6f4aa4f7847c42ec98b390327
datasets/extracted/MATWI/Set1/Set1/sensordata/File_name_2022-09-12T10_04_31.999435.csv,DATASET,4991970,20004bd83ca9c3b7b7a4f0bf4318a391
datasets/extracted/MATWI/Set1/Set1/sensordata/File_name_2022-09-12T10_07_37.901149.csv,DATASET,4993158,8e7a0165f3ea5d4969b049b628332568
datasets/extracted/MATWI/Set1/Set1/sensordata/File_name_2022-09-12T10_09_38.136559.csv,DATASET,4994790,fc4bfd1f53442b01b03a060539bbee0a
datasets/extracted/MATWI/Set1/Set1/sensordata/File_name_2022-09-12T10_11_38.761891.csv,DATASET,4995339,8f4587f3ca7ee6aedbb0c7d8285dd2dd
datasets/extracted/MATWI/Set1/Set1/sensordata/File_name_2022-09-12T10_15_37.432777.csv,DATASET,4814554,c19fe9dfd874139e58d18c2b256854be
datasets/extracted/MATWI/Set1/Set1/sensordata/File_name_2022-09-12T10_17_33.400874.csv,DATASET,4993302,d47012098f54377b18822f7a7209915e
datasets/extracted/MATWI/Set1/Set1/sensordata/File_name_2022-09-12T10_22_30.301521.csv,DATASET,4994118,2a23d093838790f61d29c17474b86cb8
datasets/extracted/MATWI/Set1/Set1/sensordata/File_name_2022-09-12T10_24_31.084273.csv,DATASET,4995844,dc731c37449c0f6042a8490445aec77f
datasets/extracted/MATWI/Set1/Set1/sensordata/File_name_2022-09-12T10_26_43.828734.csv,DATASET,4997939,f79404cbf1fce18625f8c788ce1deda8
datasets/extracted/MATWI/Set1/Set1/sensordata/File_name_2022-09-12T10_28_50.508733.csv,DATASET,4998030,f5f1c06b748b0adf5c0b9b817eaf65b3
datasets/extracted/MATWI/Set1/Set1/sensordata/File_name_2022-09-12T10_31_02.305663.csv,DATASET,4999598,869c343598f08a0e5eea1611287cff30
datasets/extracted/MATWI/Set1/Set1/sensordata/File_name_2022-09-12T10_35_39.400891.csv,DATASET,4996949,0fa23d16bfa31ff3dc75108b500e2fca
datasets/extracted/MATWI/Set1/Set1/sensordata/File_name_2022-09-12T10_38_16.077886.csv,DATASET,4996080,08f12985e0b2db60bd6c3eaccce99b44
datasets/extracted/MATWI/Set1/Set1/sensordata/File_name_2022-09-12T10_40_28.051117.csv,DATASET,4995753,a79e803e94a75ce9138991025d7e08fe
datasets/extracted/MATWI/Set1/Set1/sensordata/File_name_2022-09-12T10_42_45.013967.csv,DATASET,4998755,e2e8d213645c1eca1fc965ae0cc4d75b
datasets/extracted/MATWI/Set1/Set1/sensordata/File_name_2022-09-12T10_44_55.093985.csv,DATASET,5192743,d5d20123253518d3dc8b03de5b3c64fb
datasets/extracted/MATWI/Set1/Set1/sensordata/File_name_2022-09-12T10_47_36.734607.csv,DATASET,5131394,6c893f13d5deaebc84b811a487497d9a
datasets/extracted/MATWI/Set1/Set1/sensordata/File_name_2022-09-12T10_49_53.101154.csv,DATASET,5004601,cf75e824a673ef2ba95e3b174a081aa8
datasets/extracted/MATWI/Set1/Set1/sensordata/File_name_2022-09-12T10_52_22.132837.csv,DATASET,5197252,3da0bf46ff6525fe6b3921dc940243cc
datasets/extracted/MATWI/Set1/Set1/sensordata/File_name_2022-09-12T10_56_21.671564.csv,DATASET,5004057,ecbbf755c495455ff072fd2b3d949584
datasets/extracted/MATWI/Set1/Set1/sensordata/File_name_2022-09-12T11_15_33.765240.csv,DATASET,5005712,72792e7b93471aa2408d6bca201a5cea
datasets/extracted/MATWI/Set1/Set1/sensordata/File_name_2022-09-12T11_18_39.428489.csv,DATASET,5004763,56f1774c20c9f44d64798acde0d069df
datasets/extracted/MATWI/Set1/Set1/sensordata/File_name_2022-09-12T11_20_44.789230.csv,DATASET,5005882,2f34c8e56a9dde3f3ff971b084661349
datasets/extracted/MATWI/Set1/Set1/sensordata/File_name_2022-09-12T11_23_06.320535.csv,DATASET,5009050,296dd646ef69accc0db6c139c6d8eac9
datasets/extracted/MATWI/Set1/Set1/sensordata/File_name_2022-09-12T11_25_10.630442.csv,DATASET,5203687,ff8fa22563c1d3fa5f6953a8b2b888cb
datasets/extracted/MATWI/Set1/Set1/sensordata/File_name_2022-09-12T11_27_14.833621.csv,DATASET,5009451,630557217a1c7437de50e1f43407883a
datasets/extracted/MATWI/Set1/Set1/sensordata/File_name_2022-09-12T11_29_27.691387.csv,DATASET,5009321,52ecd519abf86219ddea7a1cd2da58af
datasets/extracted/MATWI/Set1/Set1/sensordata/File_name_2022-09-12T11_33_32.649723.csv,DATASET,5198182,1dba25b1b00e94ce08d5cd26a5e55faa
datasets/extracted/MATWI/Set1/Set1/sensordata/File_name_2022-09-12T11_35_45.256277.csv,DATASET,5197592,56d08453339002515d69eb99b8772257
datasets/extracted/MATWI/Set1/Set1/sensordata/File_name_2022-09-12T11_41_52.881742.csv,DATASET,5005634,20eaa9f0810fa102df10b3a9577ce0fc
datasets/extracted/MATWI/Set1/Set1/sensordata/File_name_2022-09-12T11_44_07.323568.csv,DATASET,5004828,3e4c6af16dc42e9e41ca6fd19890fcc9
datasets/extracted/MATWI/Set1/Set1/sensordata/File_name_2022-09-12T11_46_31.560248.csv,DATASET,5005864,21ee2af19140502ca8490f55cb45b906
datasets/extracted/MATWI/Set1/Set1/sensordata/File_name_2022-09-12T11_48_46.384767.csv,DATASET,5199243,6af4a7b5c126ff75d0db949e49aae3ee
datasets/extracted/MATWI/Set1/Set1/sensordata/File_name_2022-09-12T11_53_24.917816.csv,DATASET,5006227,7c44e52271f1beebc9c2d024476b376a
datasets/extracted/MATWI/Set1/Set1/sensordata/File_name_2022-09-12T11_55_48.052078.csv,DATASET,5194077,372cf431d457d5f245e776cdb874b382
datasets/extracted/MATWI/Set1/Set1/sensordata/File_name_2022-09-12T11_58_24.508194.csv,DATASET,4999129,38ae5ad2f04e15cb0b310deec7316ca6
datasets/extracted/MATWI/Set1/Set1/sensordata/File_name_2022-09-12T12_00_27.484393.csv,DATASET,5191406,f767c1ed36ec5df7f4d58507ca785eb7
datasets/extracted/MATWI/Set1/Set1/sensordata/File_name_2022-09-12T12_02_54.618156.csv,DATASET,4681934,d3aa922a2498331070df073daf119858
datasets/extracted/MATWI/Set1/Set1/sensordata/File_name_2022-09-12T12_05_04.295981.csv,DATASET,5199182,d9c25e1ab3512db131dbb41cdbdafdcc
datasets/extracted/MATWI/Set1/Set1/sensordata/File_name_2022-09-12T12_07_19.259824.csv,DATASET,5008427,fcdc8173ed224508f21aaaf6ffd01dd5
datasets/extracted/MATWI/Set1/Set1/sensordata/File_name_2022-09-12T12_09_55.067650.csv,DATASET,5009799,91f3dab71612c9b81cd21fe3a444905b
datasets/extracted/MATWI/Set1/Set1/sensordata/File_name_2022-09-12T12_12_24.172883.csv,DATASET,5205187,c5a974b7f1b958d75611f9283d5d9f6a
datasets/extracted/MATWI/Set1/Set1/sensordata/File_name_2022-09-12T12_15_23.420575.csv,DATASET,5011494,95413a016df7a62356a2ebde6588d57c
datasets/extracted/MATWI/Set1/Set1/sensordata/File_name_2022-09-12T12_17_37.333008.csv,DATASET,5010341,15178d258f83de4ac64eea9597ea3852
datasets/extracted/MATWI/Set1/Set1/sensordata/File_name_2022-09-12T12_19_54.627989.csv,DATASET,5199762,766cfc408a3a5e50fae15cba3e79108e
datasets/extracted/MATWI/Set1/Set1/sensordata/File_name_2022-09-12T12_22_12.616152.csv,DATASET,5199680,798a04f8650c0a48173c520f6adf94e8
datasets/extracted/MATWI/Set1/Set1/sensordata/File_name_2022-09-12T12_27_17.490559.csv,DATASET,5206946,1a437fb41988c0ba31e14dc96ec20c9a
datasets/extracted/MATWI/Set1/Set1/sensordata/File_name_2022-09-12T12_29_21.299161.csv,DATASET,5207917,efdb8c8de386892b875c5f31ec1b942c
datasets/extracted/MATWI/Set1/Set1/sensordata/File_name_2022-09-12T12_31_21.777251.csv,DATASET,5209102,52081df18bda6a68b360b442ce5b0c29
datasets/extracted/MATWI/Set1/Set1/sensordata/File_name_2022-09-12T12_33_54.771547.csv,DATASET,5209117,b18538524334bea04c9e16ca04cac4b1
datasets/extracted/MATWI/Set1/Set1/sensordata/File_name_2022-09-12T12_35_57.900339.csv,DATASET,5208284,fb7ffbff62ff76ffd7abf33a7251c929
datasets/extracted/MATWI/Set1/Set1/sensordata/File_name_2022-09-12T12_38_03.192825.csv,DATASET,5206368,31d5ac6db9064dec6b1619bffdfacdc5
datasets/extracted/MATWI/Set1/Set1/sensordata/File_name_2022-09-12T12_40_06.873881.csv,DATASET,5204313,19ff620d486e78cdffd6c60018cb3693
datasets/extracted/MATWI/Set1/Set1/sensordata/File_name_2022-09-12T12_42_14.105365.csv,DATASET,5203173,ed44a70be82403f446ec856b9d613b05
datasets/extracted/MATWI/Set1/Set1/sensordata/File_name_2022-09-12T12_44_33.825826.csv,DATASET,5201339,380ad13d9f6b4b3859048b30e0e8ad3e
datasets/extracted/MATWI/Set1/Set1/sensordata/File_name_2022-09-12T12_46_38.530317.csv,DATASET,5205690,1ca41f81a6918374c66053646c6c163c
datasets/extracted/MATWI/Set1/Set1/sensordata/File_name_2022-09-12T12_48_50.735742.csv,DATASET,5014569,58ed93248021f461c4ff50eb78549596
datasets/extracted/MATWI/Set1/Set1/sensordata/File_name_2022-09-12T12_50_47.849732.csv,DATASET,5209828,bfaa10e68a46e72fbafb7571b465dee8
datasets/extracted/MATWI/Set1/Set1/sensordata/File_name_2022-09-12T12_52_53.637548.csv,DATASET,5209064,357bccd197c7a20625c68f0c60bde42a
datasets/extracted/MATWI/Set1/Set1/sensordata/File_name_2022-09-12T12_58_13.177880.csv,DATASET,5207885,6edc18c8f65a07cec96121a78fb2c9b1
datasets/extracted/MATWI/Set1/Set1/sensordata/File_name_2022-09-12T13_00_27.148516.csv,DATASET,5211319,bdee6c925b933f9a064e4e7f3ccf4a1e
datasets/extracted/Set10/images/Test_0015_1_02_012_2023-03-02T11_51_52.652765.jpg,OTHER,4948064,1fa08c88aea9dc738bd771b779d3e16d
datasets/extracted/Set10/images/Test_0015_1_02_012_2023-03-02T13_38_28.453208.jpg,OTHER,4971527,bdb83a8897663318d07fe5f85728a4f4
datasets/extracted/Set10/images/Test_0015_1_02_013_2023-03-02T11_53_23.313236.jpg,OTHER,4952268,87f21d70205bdafdb44b70242cef71ee
datasets/extracted/Set10/images/Test_0015_1_02_013_2023-03-02T13_39_59.188335.jpg,OTHER,4976404,4bc11c5f8ca1ddea978af949d3795aee
datasets/extracted/Set10/images/Test_0015_1_02_014_2023-03-02T11_54_54.194272.jpg,OTHER,4943707,5ad434eca5c0902f4e6e68c31b05fc05
datasets/extracted/Set10/images/Test_0015_1_02_014_2023-03-02T13_41_28.794609.jpg,OTHER,4980727,f6281be9eee68ccc8121ffc013d0ceed
datasets/extracted/Set10/images/Test_0015_1_02_015_2023-03-02T11_56_23.733839.jpg,OTHER,4942769,55b7377377a758eb325c138aad41c1ef
datasets/extracted/Set10/images/Test_0015_1_02_015_2023-03-02T13_42_59.978763.jpg,OTHER,4980802,d60657799dd223ff4cdb2873ae876110
datasets/extracted/Set10/images/Test_0015_1_02_016_2023-03-02T11_57_54.749289.jpg,OTHER,4939017,cbf891c27af0608c553507590d130e8d
datasets/extracted/Set10/images/Test_0015_1_02_016_2023-03-02T13_44_30.949268.jpg,OTHER,4994771,19464d2cd42c678b474f0ccfbbdf7eb2
datasets/extracted/Set10/images/Test_0015_1_02_017_2023-03-02T11_59_25.550416.jpg,OTHER,4946039,194c2690abd88b64f29becd920326f4e
datasets/extracted/Set10/images/Test_0015_1_02_017_2023-03-02T13_46_01.512344.jpg,OTHER,4986181,94b7e9dd4baaf5039403df2ac1225b82
datasets/extracted/Set10/images/Test_0015_1_02_018_2023-03-02T12_00_56.510463.jpg,OTHER,4953784,ff9abac3618ee2a8a20b5b37e657f006
datasets/extracted/Set10/images/Test_0015_1_02_018_2023-03-02T13_47_32.394808.jpg,OTHER,4975600,dacb06821949e8522c6636b12b586b6e
datasets/extracted/Set10/images/Test_0015_1_02_019_2023-03-02T12_02_27.300100.jpg,OTHER,4946079,b448c327b11b0845535df107c7789a9e
datasets/extracted/Set10/images/Test_0015_1_02_019_2023-03-02T13_49_03.152642.jpg,OTHER,4988377,6fdddea9dc7f399baec750a9f7cf6e7b
datasets/extracted/Set10/images/Test_0015_1_02_020_2023-03-02T12_03_56.874999.jpg,OTHER,4944067,a00d364051b73b8851e9751370122ee6
datasets/extracted/Set10/images/Test_0015_1_02_020_2023-03-02T13_50_34.050533.jpg,OTHER,4987653,0150bf79c6244a74cf3fd5c92b83ecf3
datasets/extracted/Set10/images/Test_0015_1_02_021_2023-03-02T12_05_28.161803.jpg,OTHER,4944887,8a66437ef5aea9298b8bb6f819362a23
datasets/extracted/Set10/images/Test_0015_1_02_021_2023-03-02T13_52_04.836045.jpg,OTHER,4981706,8817250ab153d93135f5a003dd493ebb
datasets/extracted/Set10/images/Test_0015_1_02_022_2023-03-02T12_06_59.131677.jpg,OTHER,4987979,c0b463c53136c3b260c04cd48eca8e04
datasets/extracted/Set10/images/Test_0015_1_02_022_2023-03-02T13_53_35.728509.jpg,OTHER,4983741,9c7f86b9130774441a6355d134c2732d
datasets/extracted/Set10/images/Test_0015_1_02_023_2023-03-02T12_08_29.979722.jpg,OTHER,5001908,6f0df98fe6dd0ba22a92e528283d7d04
datasets/extracted/Set10/images/Test_0015_1_02_023_2023-03-02T13_55_05.191988.jpg,OTHER,4989939,8a9a5b0867bdd4d246bbc679d493ab84
datasets/extracted/Set10/images/Test_0015_1_02_024_2023-03-02T12_10_00.834639.jpg,OTHER,4998039,e2df05dfe8936b119d516f5d56badf6f
datasets/extracted/Set10/images/Test_0015_1_02_024_2023-03-02T13_56_36.493111.jpg,OTHER,4990613,7da30a74f714d7ab14022a6d003ac550
datasets/extracted/Set10/images/Test_0015_1_02_025_2023-03-02T12_11_30.437468.jpg,OTHER,4998645,175f6a6ae117a60a97d86c37819ae376
datasets/extracted/Set10/images/Test_0015_1_02_025_2023-03-02T13_58_07.280056.jpg,OTHER,4984862,977712d0df1e0fe4b5a7dcb7fcf2a3be
datasets/extracted/Set10/images/Test_0015_1_02_026_2023-03-02T12_13_01.366944.jpg,OTHER,5002998,890d5d9adeec2c2521fff8575a3cfa15
datasets/extracted/Set10/images/Test_0015_1_02_026_2023-03-02T13_59_38.185114.jpg,OTHER,4979558,6ac2b15767ef112f19d99919eb7b0e05
datasets/extracted/Set10/images/Test_0015_1_02_027_2023-03-02T12_14_32.111937.jpg,OTHER,5003942,55e150be00669f4fd08e4c24b658842c
datasets/extracted/Set10/images/Test_0015_1_02_027_2023-03-02T14_01_09.008449.jpg,OTHER,4974050,5e798795bdbe3fd6d5b097d3636b7178
datasets/extracted/Set10/images/Test_0015_1_02_028_2023-03-02T12_16_03.121011.jpg,OTHER,5004718,f7cab21a88a314454eb22a3299805e6a
datasets/extracted/Set10/images/Test_0015_1_02_028_2023-03-02T14_02_38.568585.jpg,OTHER,4989264,6005e32f164a19fadf3674a1930770ca
datasets/extracted/Set10/images/Test_0015_1_02_029_2023-03-02T12_17_32.619214.jpg,OTHER,5009244,531421aee30507699103a339dca8d444
datasets/extracted/Set10/images/Test_0015_1_02_029_2023-03-02T14_02_41.777110.jpg,OTHER,4985258,cb93a49409e23fc8bc5a3707837463f9
datasets/extracted/Set10/images/Test_0015_1_02_030_2023-03-02T12_17_35.864112.jpg,OTHER,4995389,99da42e71cdc87b73eb058398db2e534
datasets/extracted/Set10/images/Test_0015_1_02_030_2023-03-02T14_04_09.838424.jpg,OTHER,5003736,e5deccbe2eaa7a6e60f39d74631cc94f
datasets/extracted/Set10/images/Test_0015_1_02_031_2023-03-02T12_19_03.747042.jpg,OTHER,4981134,93cb0f79de7dee601c8648ba1b33c83b
datasets/extracted/Set10/images/Test_0015_1_02_031_2023-03-02T14_05_40.744185.jpg,OTHER,4983485,a15e84c13523f4fd575ac005750d0002
datasets/extracted/Set10/images/Test_0015_1_02_032_2023-03-02T12_20_34.554393.jpg,OTHER,4993618,f92bfff94d2a0b4cb0774ab6037f0dd1
datasets/extracted/Set10/images/Test_0015_1_02_032_2023-03-02T14_07_11.711852.jpg,OTHER,4980655,bf7c20942625cb81d4cfd459e6074199
datasets/extracted/Set10/images/Test_0015_1_02_033_2023-03-02T12_22_05.552589.jpg,OTHER,4972662,d27efdb37de987386f57eb81915aafab
datasets/extracted/Set10/images/Test_0015_1_02_033_2023-03-02T14_08_42.736413.jpg,OTHER,4988734,026ee0827a16d0f9ed22ca7def027af0
datasets/extracted/Set10/images/Test_0015_1_02_034_2023-03-02T12_23_36.353423.jpg,OTHER,4973692,449cce78350e424224b2c5847a988584
datasets/extracted/Set10/images/Test_0015_1_02_034_2023-03-02T14_10_13.620144.jpg,OTHER,4989267,9a4d0800600c43a80ba6419cdb71ab9e
datasets/extracted/Set10/images/Test_0015_1_02_035_2023-03-02T12_25_07.072088.jpg,OTHER,4970161,7387f9252f816c0f5f786c981ba05c49
datasets/extracted/Set10/images/Test_0015_1_02_035_2023-03-02T14_11_44.454578.jpg,OTHER,4981706,9dca922a8c240576c6f4cd977c99208c
datasets/extracted/Set10/images/Test_0015_1_02_036_2023-03-02T12_26_38.060595.jpg,OTHER,4963485,f90ed1e5c7b822061a2b228ea2a44b73
datasets/extracted/Set10/images/Test_0015_1_02_036_2023-03-02T14_13_15.407211.jpg,OTHER,4982533,b0fefe71d1f8b725812122338fc30d4b
datasets/extracted/Set10/images/Test_0015_1_02_037_2023-03-02T12_28_09.071902.jpg,OTHER,4964322,18c3756ae509620d1b05ca5cd63c12c8
datasets/extracted/Set10/images/Test_0015_1_02_037_2023-03-02T14_14_46.203874.jpg,OTHER,4993540,789a05ea7742496a7cbcb1abb88693d0
datasets/extracted/Set10/images/Test_0015_1_02_038_2023-03-02T12_29_40.235377.jpg,OTHER,4960569,2faabda47ecd6c49a4b4c2d6534d07d8
datasets/extracted/Set10/images/Test_0015_1_02_038_2023-03-02T14_16_17.052140.jpg,OTHER,4984078,37c2a7502a7325554722bfb531702da9
datasets/extracted/Set10/images/Test_0015_1_02_039_2023-03-02T12_31_09.801099.jpg,OTHER,4956420,6136e25444845f07a76e7b7f6b5dbedd
datasets/extracted/Set10/images/Test_0015_1_02_039_2023-03-02T14_17_48.097310.jpg,OTHER,4987403,58c5d91b19261652b00306f4ce4d3110
datasets/extracted/Set10/images/Test_0015_1_02_040_2023-03-02T12_32_40.964122.jpg,OTHER,4960941,f2848d8d5dcde731d3685aaa4529e2c3
datasets/extracted/Set10/images/Test_0015_1_02_040_2023-03-02T14_19_19.223571.jpg,OTHER,4983792,3d651ee1218e33f336afb084c19a8e02
datasets/extracted/Set10/images/Test_0015_1_02_041_2023-03-02T12_34_11.978347.jpg,OTHER,4966129,62c8f99ddebe5fd95279ac258572c18c
datasets/extracted/Set10/images/Test_0015_1_02_041_2023-03-02T14_20_49.025564.jpg,OTHER,4989653,2abcdf8489fb026915869390c8a6790f
datasets/extracted/Set10/images/Test_0015_1_02_042_2023-03-02T12_35_42.848911.jpg,OTHER,4961346,afd41f0302035dd31bd4a6cd25285495
datasets/extracted/Set10/images/Test_0015_1_02_042_2023-03-02T14_22_20.027630.jpg,OTHER,5000336,5c63d3cbc766c58e663470438a219e9c
datasets/extracted/Set10/images/Test_0015_1_02_043_2023-03-02T12_37_13.728984.jpg,OTHER,4965331,e6a159f81b3d83b397720d35af28fbbc
datasets/extracted/Set10/images/Test_0015_1_02_043_2023-03-02T14_23_51.016514.jpg,OTHER,4991861,26245d450fb22af756f75d6af9f14ccc
datasets/extracted/Set10/images/Test_0015_1_02_044_2023-03-02T12_38_44.597734.jpg,OTHER,4975049,e71633472153243ef1d9341af0ebcf5c
datasets/extracted/Set10/images/Test_0015_1_02_044_2023-03-02T14_25_22.042145.jpg,OTHER,4992910,5e3a989d17316f1af64af0d2c32de5e9
datasets/extracted/Set10/images/Test_0015_1_02_045_2023-03-02T12_40_15.465987.jpg,OTHER,4998595,440733ed7352358df467cfe14958e33d
datasets/extracted/Set10/images/Test_0015_1_02_045_2023-03-02T14_26_53.003037.jpg,OTHER,4994364,ddb6e20be01315017667e9e0a7ad8678
datasets/extracted/Set10/images/Test_0015_1_02_046_2023-03-02T12_41_45.213191.jpg,OTHER,4996416,d7a0a888df8f47e277f254679771ed0a
datasets/extracted/Set10/images/Test_0015_1_02_046_2023-03-02T14_28_24.058483.jpg,OTHER,4996141,a49c3ea86cd9743d0ea7bffd58f7d11a
datasets/extracted/Set10/images/Test_0015_1_02_047_2023-03-02T12_43_16.456229.jpg,OTHER,4986845,57289d0bc6e475b6df62b955a2003f94
datasets/extracted/Set10/images/Test_0015_1_02_047_2023-03-02T14_29_53.734115.jpg,OTHER,4997551,a0f7e804fa82d291ef7541534237f273
datasets/extracted/Set10/images/Test_0015_1_02_048_2023-03-02T12_44_47.420450.jpg,OTHER,4983191,864a76144c2af5aa53d28be7df2d69db
datasets/extracted/Set10/images/Test_0015_1_02_048_2023-03-02T14_31_24.854752.jpg,OTHER,4988832,5c07df974f9390a154aa23fa11128eb8
datasets/extracted/Set10/images/Test_0015_1_02_049_2023-03-02T12_46_18.422960.jpg,OTHER,4989827,2ae9b6dac91e756c88809fa9ff8ed8b5
datasets/extracted/Set10/images/Test_0015_1_02_049_2023-03-02T14_32_55.926710.jpg,OTHER,4995725,82a38a4e29c3a0d5367f47e6bd70afdd
datasets/extracted/Set10/images/Test_0015_1_02_050_2023-03-02T12_47_49.298339.jpg,OTHER,4981467,27c00743adb9d0284616a4b96259f0b5
datasets/extracted/Set10/images/Test_0015_1_02_050_2023-03-02T14_34_27.107886.jpg,OTHER,4992053,cf96e9a2b83aa9c9075a11bda6af8562
datasets/extracted/Set10/images/Test_0015_1_02_051_2023-03-02T12_49_20.104124.jpg,OTHER,4982879,a54e3e0f7b7d0ec66035e38fa70283a4
datasets/extracted/Set10/images/Test_0015_1_02_051_2023-03-02T14_35_58.299296.jpg,OTHER,5000574,7e32f77f97000a4514027961124f865a
datasets/extracted/Set10/images/Test_0015_1_02_052_2023-03-02T12_50_51.013008.jpg,OTHER,5001029,77d4fd94bd6f8d32a985b3ec44802d8b
datasets/extracted/Set10/images/Test_0015_1_02_052_2023-03-02T14_37_29.206634.jpg,OTHER,5003492,d09960faefaff800cffbeb082b730055
datasets/extracted/Set10/images/Test_0015_1_02_053_2023-03-02T12_52_21.932827.jpg,OTHER,5003761,35d823214e31c3280f61c21c89af8897
datasets/extracted/Set10/images/Test_0015_1_02_053_2023-03-02T14_39_00.089103.jpg,OTHER,4994546,7702ae5ec6c3e0ea4fc3cc5ad75fb207
datasets/extracted/Set10/images/Test_0015_1_02_054_2023-03-02T12_53_52.860026.jpg,OTHER,5005004,9743f18dee4b511cbea7dd17b1f185ac
datasets/extracted/Set10/images/Test_0015_1_02_054_2023-03-02T14_40_30.930233.jpg,OTHER,5000718,f261426a5aaa535b78faff5c22edb10e
datasets/extracted/Set10/images/Test_0015_1_02_055_2023-03-02T12_55_23.652709.jpg,OTHER,4988041,65b412c7f6ec7c392e8f73458ffc0542
datasets/extracted/Set10/images/Test_0015_1_02_055_2023-03-02T14_42_01.911219.jpg,OTHER,4994053,7669021e2500427da4e94e61136036f1
datasets/extracted/Set10/images/Test_0015_1_02_056_2023-03-02T12_56_54.546281.jpg,OTHER,4993021,e63e699ab78581fe8b4c8584d57856d2
datasets/extracted/Set10/images/Test_0015_1_02_056_2023-03-02T14_43_33.116884.jpg,OTHER,4997361,3e02574d4304ec424681ab08e2b0f218
datasets/extracted/Set10/images/Test_0015_1_02_057_2023-03-02T12_58_25.377442.jpg,OTHER,4997338,8716e7a3a055c9d90ddac77cc590e3dd
datasets/extracted/Set10/images/Test_0015_1_02_057_2023-03-02T14_45_03.966717.jpg,OTHER,5001227,7add2020a9d2c18efa055f77d90a5357
datasets/extracted/Set10/images/Test_0015_1_02_058_2023-03-02T12_59_56.354994.jpg,OTHER,4990986,0cde7ae49bc1026e7e16bcdc322d8b6e
datasets/extracted/Set10/images/Test_0015_1_02_058_2023-03-02T14_46_34.939770.jpg,OTHER,5010333,883c299626b5db0aa3c38161fb8b31da
datasets/extracted/Set10/images/Test_0015_1_02_059_2023-03-02T13_01_27.440130.jpg,OTHER,4980895,b1a5ae9f6e44ec4d3f1df239ed24b227
datasets/extracted/Set10/images/Test_0015_1_02_059_2023-03-02T14_48_05.960515.jpg,OTHER,5004270,bb5d343f8d9dbf52922f9b009e1f6af8
datasets/extracted/Set10/images/Test_0015_1_02_060_2023-03-02T13_02_58.463171.jpg,OTHER,4983447,a1d5b0d587459895d4c2dbe0d95ffd7e
datasets/extracted/Set10/images/Test_0015_1_02_060_2023-03-02T14_49_37.064920.jpg,OTHER,5014971,a4aad88aadcc2152b79dbac87e794392
datasets/extracted/Set10/images/Test_0015_1_02_061_2023-03-02T13_04_29.254795.jpg,OTHER,4986439,a2970ef42846c6060d7fcb5c4a21d220
datasets/extracted/Set10/images/Test_0015_1_02_061_2023-03-02T14_51_09.055632.jpg,OTHER,5008940,2f55bb4242f618baef6f0a3026843f9a
datasets/extracted/Set10/images/Test_0015_1_02_062_2023-03-02T13_06_01.167329.jpg,OTHER,4988234,ff4e99841e1a3d6a4944f6244d756f87
datasets/extracted/Set10/images/Test_0015_1_02_062_2023-03-02T14_52_38.577130.jpg,OTHER,5013874,c4558ba6717a5d74fb76b67f1dfa1b93
datasets/extracted/Set11/images/Test_0015_1_02_012_2023-03-06T09_19_12.167460.jpg,OTHER,5024980,5077276a1b189544e8b31c1c2f9d7201
datasets/extracted/Set11/images/Test_0015_1_02_012_2023-03-06T10_52_53.394712.jpg,OTHER,5156758,489bdc5ec745e7cacb184351f5c7d28e
datasets/extracted/Set11/images/Test_0015_1_02_013_2023-03-06T09_20_50.494827.jpg,OTHER,5089227,02d9fe19e8eae40229b1e22db429fc01
datasets/extracted/Set11/images/Test_0015_1_02_013_2023-03-06T10_54_30.556478.jpg,OTHER,5173434,0ce2bf77fbbfe0357967018ba230b8a1
datasets/extracted/Set11/images/Test_0015_1_02_014_2023-03-06T09_22_28.132800.jpg,OTHER,5090401,70236922305abe67a8d71544756c87b0
datasets/extracted/Set11/images/Test_0015_1_02_014_2023-03-06T10_56_07.834511.jpg,OTHER,5164540,1a29f9fc85e33c4b11e446a34c68e1f9
datasets/extracted/Set11/images/Test_0015_1_02_015_2023-03-06T09_24_05.450915.jpg,OTHER,5103854,25ae5978d920438759f5ce58987e187b
datasets/extracted/Set11/images/Test_0015_1_02_015_2023-03-06T10_57_45.343263.jpg,OTHER,5171153,fc201a3b45f1753053e94aba429ff0e5
datasets/extracted/Set11/images/Test_0015_1_02_016_2023-03-06T09_25_44.388260.jpg,OTHER,5104454,e73677b4a88a959c118395a91463b6e0
datasets/extracted/Set11/images/Test_0015_1_02_016_2023-03-06T10_59_22.720634.jpg,OTHER,5170982,cbf2bc02fb4c56f34ee3a73d43d293d7
datasets/extracted/Set11/images/Test_0015_1_02_017_2023-03-06T09_27_21.744243.jpg,OTHER,5090636,ad21bcc93034f94533307170278bba3b
datasets/extracted/Set11/images/Test_0015_1_02_017_2023-03-06T11_01_00.220897.jpg,OTHER,5175814,c8f64bf8b4476cdb1d3c8870936abb1b
datasets/extracted/Set11/images/Test_0015_1_02_018_2023-03-06T09_29_00.628357.jpg,OTHER,5103309,e27e57788d8badd2d84a8db0c89b81cb
datasets/extracted/Set11/images/Test_0015_1_02_018_2023-03-06T11_02_37.473672.jpg,OTHER,5165455,1e4c94d48b31c715f8c10bd2ba19087c
datasets/extracted/Set11/images/Test_0015_1_02_019_2023-03-06T09_30_38.165445.jpg,OTHER,5108716,94df964b4b4ffcdb7f402cf26135d6fc
datasets/extracted/Set11/images/Test_0015_1_02_019_2023-03-06T11_04_16.619531.jpg,OTHER,5169262,bb4d8786318f016e14444bf44985622b
datasets/extracted/Set11/images/Test_0015_1_02_020_2023-03-06T09_32_16.893985.jpg,OTHER,5122477,e72ca7b53a180b4b28d2e8f9ba5da3f3
datasets/extracted/Set11/images/Test_0015_1_02_020_2023-03-06T11_05_53.950393.jpg,OTHER,5163689,763e8bdb5b49518c00a3cc366227feeb
datasets/extracted/Set11/images/Test_0015_1_02_021_2023-03-06T09_33_54.324907.jpg,OTHER,5101064,76c2bcd154245d6e40eccfec21fa57d4
datasets/extracted/Set11/images/Test_0015_1_02_021_2023-03-06T11_07_31.445552.jpg,OTHER,5161194,e872101dba500752d5e8da057fd5a1d7
datasets/extracted/Set11/images/Test_0015_1_02_022_2023-03-06T09_35_31.790087.jpg,OTHER,5111629,2277c47cad8841bf2d8f5dc84e266dfd
datasets/extracted/Set11/images/Test_0015_1_02_022_2023-03-06T11_09_08.934103.jpg,OTHER,5171118,8bee7cd787588634beaf7fd001118496
datasets/extracted/Set11/images/Test_0015_1_02_023_2023-03-06T09_37_10.816201.jpg,OTHER,5122066,ce4b8edec152d164dc3dac385cf42abe
datasets/extracted/Set11/images/Test_0015_1_02_023_2023-03-06T11_10_46.355937.jpg,OTHER,5175902,7ccd1ae08259fca4a0d39ccd4119ccd9
datasets/extracted/Set11/images/Test_0015_1_02_024_2023-03-06T09_38_48.385071.jpg,OTHER,5132706,59ebda4211ebaa6d729f02735b1af445
datasets/extracted/Set11/images/Test_0015_1_02_024_2023-03-06T11_12_23.763362.jpg,OTHER,5165156,7149e4e4f38d9adbeabcfe724a794b13
datasets/extracted/Set11/images/Test_0015_1_02_025_2023-03-06T09_40_27.287936.jpg,OTHER,5134813,6004a457a55dd6420b04f93c0c3376ca
datasets/extracted/Set11/images/Test_0015_1_02_025_2023-03-06T11_14_01.032107.jpg,OTHER,5180831,8b0107900260d7c09dd143ae03e138a0
datasets/extracted/Set11/images/Test_0015_1_02_026_2023-03-06T09_42_04.473009.jpg,OTHER,5141554,d11d10a4e30b80efeeda301b17c48ad9
datasets/extracted/Set11/images/Test_0015_1_02_026_2023-03-06T11_15_38.622371.jpg,OTHER,5177897,53c578a4fefd7c030dbd8a3866b449fc
datasets/extracted/Set11/images/Test_0015_1_02_027_2023-03-06T09_42_07.629694.jpg,OTHER,5142629,05ad9e71eaff26115afd91d8c7c638cd
datasets/extracted/Set11/images/Test_0015_1_02_027_2023-03-06T11_17_16.204263.jpg,OTHER,5158384,98d17eea0183b95fc18a413dbdab3b5c
datasets/extracted/Set11/images/Test_0015_1_02_028_2023-03-06T09_43_43.446872.jpg,OTHER,5152483,e1874efa5aac38d6972f639cb86f824e
datasets/extracted/Set11/images/Test_0015_1_02_028_2023-03-06T11_18_55.161421.jpg,OTHER,5161070,77da812f13abf4f1e956a01cf777f007
datasets/extracted/Set11/images/Test_0015_1_02_029_2023-03-06T09_45_22.359116.jpg,OTHER,5153688,6fd6f72f37f80af18f3666ffcd54ae9d
datasets/extracted/Set11/images/Test_0015_1_02_029_2023-03-06T11_20_32.761695.jpg,OTHER,5169962,80de9c72babd5ff16cf28658efb87bae
datasets/extracted/Set11/images/Test_0015_1_02_030_2023-03-06T09_47_00.022107.jpg,OTHER,5145500,e7b74d1ae266541677975d6e94c1f49d
datasets/extracted/Set11/images/Test_0015_1_02_030_2023-03-06T11_22_10.182047.jpg,OTHER,5172262,654c2301190981c3678f6710943f4dc3
datasets/extracted/Set11/images/Test_0015_1_02_031_2023-03-06T09_48_39.023432.jpg,OTHER,5147263,b8b32ac03728c06fa1a465206d2c5818
datasets/extracted/Set11/images/Test_0015_1_02_031_2023-03-06T11_23_47.378015.jpg,OTHER,5163164,43db729e1898c2646977c63d13870efe
datasets/extracted/Set11/images/Test_0015_1_02_032_2023-03-06T09_50_16.297131.jpg,OTHER,5156530,a537ed2e8b93186c387f20cf184f4ea6
datasets/extracted/Set11/images/Test_0015_1_02_032_2023-03-06T11_25_24.972642.jpg,OTHER,5165060,b5bd9f15235323da06d95c10104376e3
datasets/extracted/Set11/images/Test_0015_1_02_033_2023-03-06T09_51_55.287705.jpg,OTHER,5158608,9f651463d0388ee43edf4c391b884fdd
datasets/extracted/Set11/images/Test_0015_1_02_033_2023-03-06T11_27_02.456272.jpg,OTHER,5162175,00975f2a50a9705f02c4a5caefa61d45
datasets/extracted/Set11/images/Test_0015_1_02_034_2023-03-06T09_53_34.281622.jpg,OTHER,5152599,c768cc427c5b217c153502d898ff1223
datasets/extracted/Set11/images/Test_0015_1_02_034_2023-03-06T11_28_41.235839.jpg,OTHER,5175493,f0d2b8e7ce81d1ed0af4f0cb51738d55
datasets/extracted/Set11/images/Test_0015_1_02_035_2023-03-06T09_55_11.673632.jpg,OTHER,5153753,9f9df993ed6115b350022a19e32e49a8
datasets/extracted/Set11/images/Test_0015_1_02_035_2023-03-06T11_30_18.651313.jpg,OTHER,5156686,4a6e196f1153e713ebbf0e99100bb9a3
datasets/extracted/Set11/images/Test_0015_1_02_036_2023-03-06T09_55_16.495003.jpg,OTHER,6713723,dc9702b5c2211cf47793288012a49875
datasets/extracted/Set11/images/Test_0015_1_02_036_2023-03-06T11_31_56.090838.jpg,OTHER,5169626,b3dcaa0b230528b8a8a81de4f2fed220
datasets/extracted/Set11/images/Test_0015_1_02_037_2023-03-06T09_56_50.571807.jpg,OTHER,5153941,f0e96ae3247cabde57e86267ad087411
datasets/extracted/Set11/images/Test_0015_1_02_037_2023-03-06T11_33_33.667726.jpg,OTHER,5175329,3d83811dbd306d907699918d7b8f00ea
datasets/extracted/Set11/images/Test_0015_1_02_038_2023-03-06T09_58_29.634816.jpg,OTHER,5153192,505813ab112460cdf49baa258caf82bf
datasets/extracted/Set11/images/Test_0015_1_02_038_2023-03-06T11_35_11.124758.jpg,OTHER,5188043,f8793331ba2d5b0d9312b3a8c00644ec
datasets/extracted/Set11/images/Test_0015_1_02_039_2023-03-06T10_00_07.213866.jpg,OTHER,5164017,9fde123367b1a10c526c5d9e89c868f0
datasets/extracted/Set11/images/Test_0015_1_02_039_2023-03-06T11_36_48.590103.jpg,OTHER,5202611,6bd0a11a1aad74f75bfc9286bb4217f6
datasets/extracted/Set11/images/Test_0015_1_02_040_2023-03-06T10_01_46.364233.jpg,OTHER,5151194,2799ab26d539dd3fb0966bdc7662c315
datasets/extracted/Set11/images/Test_0015_1_02_040_2023-03-06T11_38_27.641148.jpg,OTHER,5199348,cb8da10f34ac9db00dfc262997aae4fd
datasets/extracted/Set11/images/Test_0015_1_02_041_2023-03-06T10_03_25.314239.jpg,OTHER,5151237,42341b836ecd727dd305267b25aec47e
datasets/extracted/Set11/images/Test_0015_1_02_041_2023-03-06T11_40_05.022135.jpg,OTHER,5194588,990d72b7a217e5fc6f29b9969214936f
datasets/extracted/Set11/images/Test_0015_1_02_042_2023-03-06T10_05_03.041852.jpg,OTHER,5149777,01c067652ea047c8174c08e2e98eca19
datasets/extracted/Set11/images/Test_0015_1_02_042_2023-03-06T11_41_42.534138.jpg,OTHER,5199407,43f918ed4563b5a43d85a8f8ed81dbd5
datasets/extracted/Set11/images/Test_0015_1_02_043_2023-03-06T10_06_41.918989.jpg,OTHER,5150106,5f2a59d2c92714b6e7d2eb0401e630b1
datasets/extracted/Set11/images/Test_0015_1_02_043_2023-03-06T11_43_19.849310.jpg,OTHER,5194850,15430827f951abc4d7b396e2324fbb06
datasets/extracted/Set11/images/Test_0015_1_02_044_2023-03-06T10_08_20.755597.jpg,OTHER,5150571,d1b7be6fec65d356b715406d4cc8b3d1
datasets/extracted/Set11/images/Test_0015_1_02_044_2023-03-06T11_44_58.776108.jpg,OTHER,5185880,d20f6b731a01205a71fdc206615e5638
datasets/extracted/Set11/images/Test_0015_1_02_045_2023-03-06T10_09_58.340939.jpg,OTHER,5157485,689d82e40f2c659ed5327d4dff0abbb2
datasets/extracted/Set11/images/Test_0015_1_02_045_2023-03-06T11_46_36.278788.jpg,OTHER,5204909,a935409012981d856c7b812491975b1d
datasets/extracted/Set11/images/Test_0015_1_02_046_2023-03-06T10_11_37.228683.jpg,OTHER,5149700,c74796666fc69a3b21d3b315f81c5097
datasets/extracted/Set11/images/Test_0015_1_02_046_2023-03-06T11_48_13.726569.jpg,OTHER,5199311,a981f0317e4390a8550e537f1980fd90
datasets/extracted/Set11/images/Test_0015_1_02_047_2023-03-06T10_13_15.938678.jpg,OTHER,5140147,b6b288af6e4786fb0c1f8364485f0f94
datasets/extracted/Set11/images/Test_0015_1_02_047_2023-03-06T11_49_52.443587.jpg,OTHER,5213360,e8515a877a92c6ad40550eb68d49a3e3
datasets/extracted/Set11/images/Test_0015_1_02_048_2023-03-06T10_14_53.343585.jpg,OTHER,5131266,1f63f0f8c9a1839aa5db89c98634e55c
datasets/extracted/Set11/images/Test_0015_1_02_048_2023-03-06T11_51_29.936257.jpg,OTHER,5215397,7787a49c5d6b781e2c14e654f47c6b37
datasets/extracted/Set11/images/Test_0015_1_02_049_2023-03-06T10_16_32.421562.jpg,OTHER,5142091,14762b90d5a9fd4df15dd94583221aa6
datasets/extracted/Set11/images/Test_0015_1_02_049_2023-03-06T11_53_07.307387.jpg,OTHER,5201071,19a46e29707041c6c1ba5c556db7190a
datasets/extracted/Set11/images/Test_0015_1_02_050_2023-03-06T10_18_11.358793.jpg,OTHER,5146604,0ccb0c8cf39300ce8c111a35e71a7fd7
datasets/extracted/Set11/images/Test_0015_1_02_050_2023-03-06T11_54_46.456370.jpg,OTHER,5197597,31bc500e0ca1ad58c61e076178d61324
datasets/extracted/Set11/images/Test_0015_1_02_051_2023-03-06T10_19_50.305231.jpg,OTHER,5136473,25582c28883ff613998c7583bc316171
datasets/extracted/Set11/images/Test_0015_1_02_051_2023-03-06T11_56_23.679761.jpg,OTHER,5185648,30e1bfad4b8ef0b6c31ffd515dc656cd
datasets/extracted/Set11/images/Test_0015_1_02_052_2023-03-06T10_21_29.269315.jpg,OTHER,5161643,c7e92fc471e64bc91ea4ae312a74a934
datasets/extracted/Set11/images/Test_0015_1_02_052_2023-03-06T11_58_01.105174.jpg,OTHER,5203389,a45f4eda09edd0ae4e6144ae3dbb65e3
datasets/extracted/Set11/images/Test_0015_1_02_053_2023-03-06T10_23_06.936207.jpg,OTHER,5162700,fb2d6428d81f872c5a0f60900fde731a
datasets/extracted/Set11/images/Test_0015_1_02_053_2023-03-06T11_59_38.659218.jpg,OTHER,5203338,6fe598bdd788fa13ed3c4dff699ee766
datasets/extracted/Set11/images/Test_0015_1_02_054_2023-03-06T10_24_46.037993.jpg,OTHER,5154042,d1bcfacaa2940bc9d81fb7d5b87ea820
datasets/extracted/Set11/images/Test_0015_1_02_054_2023-03-06T12_01_17.543798.jpg,OTHER,5213589,b201c80143068c1238b75e12a5f04ed9
datasets/extracted/Set11/images/Test_0015_1_02_055_2023-03-06T10_26_25.033353.jpg,OTHER,5142902,a04f9f4443911d7b16257469ef5e18e6
datasets/extracted/Set11/images/Test_0015_1_02_055_2023-03-06T12_02_54.953115.jpg,OTHER,5202074,4a1db6a1a678bda1053ec41f8d5ac9bf
datasets/extracted/Set11/images/Test_0015_1_02_056_2023-03-06T10_28_04.002303.jpg,OTHER,5161103,35b185cc3216551297c796d3b1698e53
datasets/extracted/Set11/images/Test_0015_1_02_056_2023-03-06T12_04_33.732766.jpg,OTHER,5189683,0fd634bc7226d1874f00e715e2d2c015
datasets/extracted/Set11/images/Test_0015_1_02_057_2023-03-06T10_29_41.470651.jpg,OTHER,5155466,2c2049f7be5473b0987af64e2b72bc18
datasets/extracted/Set11/images/Test_0015_1_02_057_2023-03-06T12_06_11.036068.jpg,OTHER,5173102,2ecf8118735f30b211bf6d5d632eee4c
datasets/extracted/Set11/images/Test_0015_1_02_058_2023-03-06T10_31_20.602518.jpg,OTHER,5155979,9f6d8ed5ccac24e1ad3c39568e9d8277
datasets/extracted/Set11/images/Test_0015_1_02_058_2023-03-06T12_07_49.948876.jpg,OTHER,5184937,0e146000d0fc2a477907df1769898eee
datasets/extracted/Set11/images/Test_0015_1_02_059_2023-03-06T10_32_59.623924.jpg,OTHER,5156404,f67b11504d58b6455b254d692f89e81a
datasets/extracted/Set11/images/Test_0015_1_02_059_2023-03-06T12_09_27.877087.jpg,OTHER,5174862,f0a7ab375d4b80600c35f29f56c32748
datasets/extracted/Set11/images/Test_0015_1_02_060_2023-03-06T10_34_38.466520.jpg,OTHER,5156306,5f6d0f821241c7c17785176bdfabc69a
datasets/extracted/Set11/images/Test_0015_1_02_060_2023-03-06T12_11_05.816139.jpg,OTHER,5192668,420565a8360e9097792ada2e940af496
datasets/extracted/Set11/images/Test_0015_1_02_061_2023-03-06T10_36_17.564357.jpg,OTHER,5158733,aff58002b5e01d6b580714829578b09c
datasets/extracted/Set11/images/Test_0015_1_02_061_2023-03-06T12_12_43.574617.jpg,OTHER,5204018,be2eaa4583b090afafc354de3e98b79c
datasets/extracted/Set11/images/Test_0015_1_02_062_2023-03-06T10_37_56.630226.jpg,OTHER,5151257,75f10f14ab3391e9fd89859db0b6519b
datasets/extracted/Set11/images/Test_0015_1_02_063_2023-03-06T10_39_35.980113.jpg,OTHER,5163850,d96eddb081c5057beb30bfa18bde2f80
datasets/extracted/Set12/images/Test_0015_1_02_012_2023-03-13T09_45_04.955362.jpg,OTHER,5031239,9c62ebd10fbcf3ad175b0dcdc7424735
datasets/extracted/Set12/images/Test_0015_1_02_013_2023-03-13T09_46_54.562724.jpg,OTHER,5024037,6f3654b27d364d9cd896e0cbd8267720
datasets/extracted/Set12/images/Test_0015_1_02_014_2023-03-13T09_48_44.859387.jpg,OTHER,5029830,c027d59c7b8608c2a9de360175aa1ec7
datasets/extracted/Set12/images/Test_0015_1_02_015_2023-03-13T09_50_34.777350.jpg,OTHER,5051750,8b353ea8df54a97dcbfefb8dea271cf2
datasets/extracted/Set12/images/Test_0015_1_02_016_2023-03-13T09_52_25.063897.jpg,OTHER,5038342,aba8e32d9d568ca54ba0fa026c711ad8
datasets/extracted/Set12/images/Test_0015_1_02_017_2023-03-13T09_54_15.529274.jpg,OTHER,5031645,cb2ec36ed36ac217dcf8b0a8f550fa08
datasets/extracted/Set12/images/Test_0015_1_02_018_2023-03-13T09_56_05.616108.jpg,OTHER,5031023,2d3e6cb661301c180d32b82c488615d0
datasets/extracted/Set12/images/Test_0015_1_02_019_2023-03-13T09_56_10.439298.jpg,OTHER,6760077,6dfd370e5a2cd5bd70f8d096416b4ed3
datasets/extracted/Set12/images/Test_0015_1_02_020_2023-03-13T09_57_56.017145.jpg,OTHER,5041876,b55ca554fd96beb2341325f90b1f763d
datasets/extracted/Set12/images/Test_0015_1_02_021_2023-03-13T09_59_46.083293.jpg,OTHER,5066786,f94bb19435158079aeb2f81a1481e2bf
datasets/extracted/Set12/images/Test_0015_1_02_022_2023-03-13T10_01_36.244117.jpg,OTHER,5030935,84c08b1dbc468dbc9c455dfa5a673824
datasets/extracted/Set12/images/Test_0015_1_02_023_2023-03-13T10_03_27.846586.jpg,OTHER,5031701,84c6259c5a8c6cc475905aa5f593165a
datasets/extracted/Set12/images/Test_0015_1_02_024_2023-03-13T10_05_18.036111.jpg,OTHER,4988456,75bd09875e18355d6b439724aedd370f
datasets/extracted/Set12/images/Test_0015_1_02_025_2023-03-13T10_07_08.312319.jpg,OTHER,5094613,2c16be8e54653b4aa4566871d0e273ce
datasets/extracted/Set12/images/Test_0015_1_02_026_2023-03-13T10_08_58.598338.jpg,OTHER,5111919,f41d081deec3166a3388f108e3b04a37
datasets/extracted/Set12/images/Test_0015_1_02_027_2023-03-13T10_10_48.686628.jpg,OTHER,5134958,7ea9390f8ef3fc75c995c8d9c83f0ae8
datasets/extracted/Set12/images/Test_0015_1_02_028_2023-03-13T10_12_38.857662.jpg,OTHER,5124842,07cceb468832e62941b305e6efe69251
datasets/extracted/Set12/images/Test_0015_1_02_029_2023-03-13T10_14_28.986311.jpg,OTHER,5096372,81f936de7364b2397450ec34ec02efd9
datasets/extracted/Set12/images/Test_0015_1_02_030_2023-03-13T10_16_19.032363.jpg,OTHER,5119521,4736f872019c89d2b8396bac0a3c3455
datasets/extracted/Set12/images/Test_0015_1_02_031_2023-03-13T10_18_09.281735.jpg,OTHER,5085662,d3af9f0d399eab7672d579a0e506525a
datasets/extracted/Set12/images/Test_0015_1_02_032_2023-03-13T10_19_59.530648.jpg,OTHER,5086816,abe1862ed09ea0031b1dc6436227ccc4
datasets/extracted/Set12/images/Test_0015_1_02_033_2023-03-13T10_21_49.880892.jpg,OTHER,5095814,8c07e9197f4a5f79deb1c04599152fa1
datasets/extracted/Set12/images/Test_0015_1_02_034_2023-03-13T10_23_39.782797.jpg,OTHER,5078859,227da8774ff99450e1f573dce470b7b2
datasets/extracted/Set12/images/Test_0015_1_02_035_2023-03-13T10_25_31.525320.jpg,OTHER,5085366,e0f5f51d4fb2bf26a5075ba6d1584d81
datasets/extracted/Set12/images/Test_0015_1_02_036_2023-03-13T10_27_21.839446.jpg,OTHER,5130484,6deba5e3fcece018ff7da4102f49527b
datasets/extracted/Set12/images/Test_0015_1_02_037_2023-03-13T10_29_11.928396.jpg,OTHER,5086452,679771d4525a213eb42ff307b3f4c4d3
datasets/extracted/Set12/images/Test_0015_1_02_038_2023-03-13T10_31_02.000567.jpg,OTHER,5133173,fbda09a697bd7eccf9d6fa55d90e24ff
datasets/extracted/Set12/images/Test_0015_1_02_039_2023-03-13T10_32_52.026425.jpg,OTHER,5077624,3ed7230f44683d739c39aac2a8ecdb2b
datasets/extracted/Set12/images/Test_0015_1_02_040_2023-03-13T10_34_42.303091.jpg,OTHER,5049757,e37e792a7eab030350e61e77f93e7934
datasets/extracted/Set12/images/Test_0015_1_02_041_2023-03-13T10_36_32.597818.jpg,OTHER,5055862,7e19e538c6e4527c92c95c1c32815d6f
datasets/extracted/Set12/images/Test_0015_1_02_042_2023-03-13T10_38_22.939290.jpg,OTHER,5060605,3863f93d19a66de57d419cd623e76ab2
datasets/extracted/Set12/images/Test_0015_1_02_043_2023-03-13T10_40_13.360759.jpg,OTHER,5073066,391276bea3a6eab4e2048a42125aa3cc
datasets/extracted/Set12/images/Test_0015_1_02_044_2023-03-13T10_40_18.167297.jpg,OTHER,6842905,5b82c0d3302db413ba8c35edee55ac30
datasets/extracted/Set12/images/Test_0015_1_02_045_2023-03-13T10_42_03.445383.jpg,OTHER,5092796,68dd8895f1f8c1736ca7e1e1de376704
datasets/extracted/Set12/images/Test_0015_1_02_046_2023-03-13T10_43_55.307630.jpg,OTHER,5067491,482242940d404b836878f587f35a70c3
datasets/extracted/Set12/images/Test_0015_1_02_047_2023-03-13T10_45_45.688710.jpg,OTHER,5098991,b5ee5572a250016777fc17faa47657cf
datasets/extracted/Set12/images/Test_0015_1_02_048_2023-03-13T10_47_35.878139.jpg,OTHER,5058063,c77155588f1e03e2439213761e7d3e65
datasets/extracted/Set12/images/Test_0015_1_02_049_2023-03-13T10_49_26.073875.jpg,OTHER,5055821,dfad7ccdec8b134fdbed975a1dfcd547
datasets/extracted/Set12/images/Test_0015_1_02_050_2023-03-13T10_51_16.258242.jpg,OTHER,5039829,ab3d480c986d54a3e24753fa30679315
datasets/extracted/Set12/images/Test_0015_1_02_051_2023-03-13T10_53_06.488226.jpg,OTHER,5034324,cd331fc16cdb7bc3e37aca1d5c278e75
datasets/extracted/Set12/images/Test_0015_1_02_052_2023-03-13T10_54_56.960671.jpg,OTHER,5056501,916c47a5201fefbdbb77a7bf39acfe69
datasets/extracted/Set12/images/Test_0015_1_02_053_2023-03-13T10_56_47.160832.jpg,OTHER,5085188,c75b514547b31a3df071d3d890e7b744
datasets/extracted/Set12/images/Test_0015_1_02_054_2023-03-13T10_58_37.517742.jpg,OTHER,5060285,b3484ac2559a7af5f5d0ed3a777e5957
datasets/extracted/Set12/images/Test_0015_1_02_055_2023-03-13T11_00_29.290116.jpg,OTHER,5057369,d61843fca6cfb9f5c04e77b052f46a6d
datasets/extracted/Set12/images/Test_0015_1_02_056_2023-03-13T11_02_19.364483.jpg,OTHER,5054951,9c6299467a76981a3a06f6700f8812b8
datasets/extracted/Set12/images/Test_0015_1_02_057_2023-03-13T11_04_09.387593.jpg,OTHER,5070889,53a53e4849446694de04c3f25a135941
datasets/extracted/Set12/images/Test_0015_1_02_058_2023-03-13T11_06_01.282420.jpg,OTHER,5059295,cde105dd6a3e7c54adcb884245e2d86c
datasets/extracted/Set12/images/Test_0015_1_02_059_2023-03-13T11_07_51.334926.jpg,OTHER,5077856,1aeed7da24112a5157da9572d625ba48
datasets/extracted/Set12/images/Test_0015_1_02_060_2023-03-13T11_09_41.457038.jpg,OTHER,5059226,2863b32dfd15008b5d4f9994225b8408
datasets/extracted/Set12/images/Test_0015_1_02_061_2023-03-13T11_11_31.993282.jpg,OTHER,5092944,ecb0bb279c6db0290d648a08aa535f70
datasets/extracted/Set12/images/Test_0015_1_02_062_2023-03-13T11_13_22.691143.jpg,OTHER,5078757,a1b56dce0e8a0b75efb7c86732708edf
datasets/extracted/Set12/images/Test_0015_1_02_063_2023-03-13T11_15_13.554234.jpg,OTHER,5055835,786b6790a6262ba7a95d13544aa69c1a
datasets/extracted/Set13/images/Test_0015_1_02_012_2023-03-16T09_26_06.353427.jpg,OTHER,5027338,a1cb18a7cebae73e995bbf7e9a1d99a0
datasets/extracted/Set13/images/Test_0015_1_02_013_2023-03-16T09_27_43.403076.jpg,OTHER,5025425,c8313594833d07a1733c093f8421b8e3
datasets/extracted/Set13/images/Test_0015_1_02_014_2023-03-16T09_29_22.418040.jpg,OTHER,5099190,a8001cace00407f5ba0dcaefae24a474
datasets/extracted/Set13/images/Test_0015_1_02_015_2023-03-16T09_30_59.756024.jpg,OTHER,5175122,4e7c82f5de757434fd7cf3f071b103c5
datasets/extracted/Set13/images/Test_0015_1_02_016_2023-03-16T09_32_38.443821.jpg,OTHER,5102474,1ba429b5b144b96306bf376c8f0d91cb
datasets/extracted/Set13/images/Test_0015_1_02_017_2023-03-16T09_34_15.665858.jpg,OTHER,5079398,f531318aee76c20c7b0d275e516b57f8
datasets/extracted/Set13/images/Test_0015_1_02_018_2023-03-16T09_34_18.831422.jpg,OTHER,5078179,889870dafc468acabbd3770093d91502
datasets/extracted/Set13/images/Test_0015_1_02_019_2023-03-16T09_35_54.773683.jpg,OTHER,5039822,644f9c5b3d3a8804772882bee19c90b5
datasets/extracted/Set13/images/Test_0015_1_02_020_2023-03-16T09_37_33.556826.jpg,OTHER,5063268,6a08e26df8a03f7d8df040d41aa1bf84
datasets/extracted/Set13/images/Test_0015_1_02_021_2023-03-16T09_39_10.952664.jpg,OTHER,5050286,177f890376b7204c5b5a00a28543d3ca
datasets/extracted/Set13/images/Test_0015_1_02_022_2023-03-16T09_40_49.915306.jpg,OTHER,5067860,3e8921bfad6d9458aad815495c644afc
datasets/extracted/Set13/images/Test_0015_1_02_023_2023-03-16T09_42_28.865098.jpg,OTHER,5064167,585a6ee8e8e0b3baee266cb030e48456
datasets/extracted/Set13/images/Test_0015_1_02_024_2023-03-16T09_44_06.365423.jpg,OTHER,5071502,f06b6ce4566684fa6fefa37d7ca033e9
datasets/extracted/Set13/images/Test_0015_1_02_025_2023-03-16T09_45_45.208128.jpg,OTHER,5095121,c09cabb79a8eebefda370681c1253308
datasets/extracted/Set13/images/Test_0015_1_02_026_2023-03-16T09_47_24.023384.jpg,OTHER,5078213,22bc1749d06aff0f7e1b9a8b77f97177
datasets/extracted/Set13/images/Test_0015_1_02_027_2023-03-16T09_49_01.637703.jpg,OTHER,5097210,625db85ffafe3391d03f4690265b240c
datasets/extracted/Set13/images/Test_0015_1_02_028_2023-03-16T09_50_40.706116.jpg,OTHER,5132313,27bbf59d043258a19632ba1a45464bee
datasets/extracted/Set13/images/Test_0015_1_02_029_2023-03-16T09_52_17.916892.jpg,OTHER,5087748,0547f569c07bd227985924d4f23965c1
datasets/extracted/Set13/images/Test_0015_1_02_030_2023-03-16T09_52_21.093192.jpg,OTHER,5072573,27d75956cfe24f1516358f85df7e6620
datasets/extracted/Set13/images/Test_0015_1_02_031_2023-03-16T09_53_56.958189.jpg,OTHER,5050032,bd9f3752f0c169ba110b8c077f55fc65
datasets/extracted/Set13/images/Test_0015_1_02_032_2023-03-16T09_55_35.797970.jpg,OTHER,5074616,d5903209527793c23e7dc188ea86f638
datasets/extracted/Set13/images/Test_0015_1_02_033_2023-03-16T09_57_13.225140.jpg,OTHER,5067353,37458c973a9a78c2f70a92cd0a6cad8f
datasets/extracted/Set13/images/Test_0015_1_02_034_2023-03-16T09_58_52.447412.jpg,OTHER,5074688,d50277a23884c38d9410bf041d26e4a4
datasets/extracted/Set13/images/Test_0015_1_02_035_2023-03-16T10_00_31.349463.jpg,OTHER,5077339,58b75b5976995eff36bdd150ed0fc3bd
datasets/extracted/Set13/images/Test_0015_1_02_036_2023-03-16T10_02_08.944651.jpg,OTHER,5088767,f0dc46ecd3865ceef2bc5bf4c9c0c1bf
datasets/extracted/Set13/images/Test_0015_1_02_037_2023-03-16T10_03_48.005505.jpg,OTHER,5087882,76210b86bf879e1399f6390e459a1c65
datasets/extracted/Set13/images/Test_0015_1_02_038_2023-03-16T10_05_26.817630.jpg,OTHER,5106278,b94c94920f2e3429223699918d7bdbf1
datasets/extracted/Set13/images/Test_0015_1_02_039_2023-03-16T10_07_05.677944.jpg,OTHER,5100525,9892fe1754bd75c345e6b97d40501910
datasets/extracted/Set13/images/Test_0015_1_02_040_2023-03-16T10_08_44.318336.jpg,OTHER,5084097,75a72f5fb43ffe606762b857f1b86cfe
datasets/extracted/Set13/images/Test_0015_1_02_041_2023-03-16T10_10_23.377404.jpg,OTHER,5103275,d076990270fbfcd151ea9d591686c0ac
datasets/extracted/Set13/images/Test_0015_1_02_042_2023-03-16T10_12_00.777686.jpg,OTHER,5109298,c48f5b19caf92315f28300707f41fed9
datasets/extracted/Set13/images/Test_0015_1_02_043_2023-03-16T10_12_03.916447.jpg,OTHER,5108756,bc9a34b2cc0086ad643b1e731ab310ab
datasets/extracted/Set13/images/Test_0015_1_02_044_2023-03-16T10_13_40.179594.jpg,OTHER,5075825,0ed6b7b1d41c18b04354a4855f272e28
datasets/extracted/Set13/images/Test_0015_1_02_045_2023-03-16T10_15_19.233141.jpg,OTHER,5082744,6ba94e06b897a1b27c563b9675f5c598
datasets/extracted/Set13/images/Test_0015_1_02_046_2023-03-16T10_16_57.874501.jpg,OTHER,5085790,9cbdc0a2f81950b3e29f12928c37f429
datasets/extracted/Set13/images/Test_0015_1_02_047_2023-03-16T10_18_36.854241.jpg,OTHER,5075214,a57e0d47c0cefcb96ae81f5bc17d0cfe
datasets/extracted/Set13/images/Test_0015_1_02_048_2023-03-16T10_20_14.510059.jpg,OTHER,5087565,cc06dd09087bd12ef79f29f175a1df48
datasets/extracted/Set13/images/Test_0015_1_02_049_2023-03-16T10_21_53.564002.jpg,OTHER,5064516,c42dfc2fa4ce596da60d1101657dab3d
datasets/extracted/Set13/images/Test_0015_1_02_050_2023-03-16T10_23_32.481982.jpg,OTHER,5061519,189ac09a092ef4d5ea56cebd216febe3
datasets/extracted/Set13/images/Test_0015_1_02_051_2023-03-16T10_25_11.485500.jpg,OTHER,5071289,21624a923825368891ca258b89062edc
datasets/extracted/Set13/images/Test_0015_1_02_052_2023-03-16T10_26_50.145066.jpg,OTHER,5077007,f0fc9a76f701ca6d61a7704be89443d1
datasets/extracted/Set13/images/Test_0015_1_02_053_2023-03-16T10_28_29.150775.jpg,OTHER,5093686,cd586837582a2864d6dd27aa65c70011
datasets/extracted/Set13/images/Test_0015_1_02_054_2023-03-16T10_30_08.102440.jpg,OTHER,5090315,6c9be701ae4b6fc9dbbb5bc7d54b58f1
datasets/extracted/Set13/images/Test_0015_1_02_055_2023-03-16T10_31_46.923433.jpg,OTHER,5084231,3a271db2b6c3d9048a8b7b7ab717fb0d
datasets/extracted/Set13/images/Test_0015_1_02_056_2023-03-16T10_33_24.386675.jpg,OTHER,5090772,72dadb1d4a91a1e940f474079a4bd1f0
datasets/extracted/Set13/images/Test_0015_1_02_057_2023-03-16T10_35_03.559926.jpg,OTHER,5096611,f12b0bba0c7966404033656ef7d4aca8
datasets/extracted/Set13/images/Test_0015_1_02_058_2023-03-16T10_36_42.544625.jpg,OTHER,5073058,6ee8d08161931d1d9b2096ed0e71e459
datasets/extracted/Set13/images/Test_0015_1_02_059_2023-03-16T10_38_21.523039.jpg,OTHER,5082534,70c2bff4dadb6ba0dc1c205cf41b522f
datasets/extracted/Set13/images/Test_0015_1_02_060_2023-03-16T10_40_00.430852.jpg,OTHER,5087468,45ab26c2aa11ed29228294c33df29726
datasets/extracted/Set13/images/Test_0015_1_02_061_2023-03-16T10_41_39.522863.jpg,OTHER,5084659,b1f46d63a225b7097420b8eb0b882c30
datasets/extracted/Set13/images/Test_0015_1_02_062_2023-03-16T10_43_18.373969.jpg,OTHER,5094332,a6eaf4c5f76667221ed687f18e39c9a8
datasets/extracted/Set13/images/Test_0015_1_02_063_2023-03-16T10_44_56.915939.jpg,OTHER,5075227,2d4466c97ed3b0c176b125847c9c1955
datasets/extracted/Set13/images/Test_0015_1_02_064_2023-03-16T10_46_35.796844.jpg,OTHER,5109250,3f37dd547be4bb33c16db0cf320fcfdc
datasets/extracted/Set14/images/Test_0015_1_00_000_2023-06-07T09_08_22.388933.jpg,OTHER,5638049,3cc55f803c1fbf55ea5662ce4506051e
datasets/extracted/Set14/images/Test_0015_1_00_001_2023-06-07T09_09_56.166859.jpg,OTHER,5687379,803cdaaaf5f550033bd7a39e0666ad36
datasets/extracted/Set14/images/Test_0015_1_00_002_2023-06-07T09_21_27.793120.jpg,OTHER,5786476,179527c88655466fb512e331575444cb
datasets/extracted/Set14/images/Test_0015_1_00_003_2023-06-07T09_23_00.790521.jpg,OTHER,5789350,fb87d5a70c7189775a4d8ab219ef94c1
datasets/extracted/Set14/images/Test_0015_1_00_004_2023-06-07T09_29_47.314409.jpg,OTHER,5924035,c4b786c1da0cd64b2237cb6be493d8df
datasets/extracted/Set14/images/Test_0015_1_00_005_2023-06-07T09_31_20.126334.jpg,OTHER,5922188,e5a92e4718b6e3d332e0565f91adfa75
datasets/extracted/Set14/images/Test_0015_1_00_006_2023-06-07T09_32_53.070254.jpg,OTHER,5916307,028040371af19b5ff92506c398ec2cc4
datasets/extracted/Set14/images/Test_0015_1_00_007_2023-06-07T09_34_26.293971.jpg,OTHER,5919717,7763dddd4e64ddf9a75d9e3ab302f45e
datasets/extracted/Set14/images/Test_0015_1_00_008_2023-06-07T09_35_59.401751.jpg,OTHER,5932954,ff584297983c32e0e752ef15a2f60a6a
datasets/extracted/Set14/images/Test_0015_1_00_009_2023-06-07T09_37_32.606647.jpg,OTHER,5927354,e0536e1d120921530197d78889dbd4ac
datasets/extracted/Set14/images/Test_0015_1_00_010_2023-06-07T09_39_07.143806.jpg,OTHER,5929108,7405cb8226a38bba8957fc8cfbc0fada
datasets/extracted/Set14/images/Test_0015_1_00_011_2023-06-07T09_40_40.131700.jpg,OTHER,5927746,c8491735a50ae7adc7e61d6d84200965
datasets/extracted/Set14/images/Test_0015_1_00_012_2023-06-07T09_42_13.143090.jpg,OTHER,5930428,4231bf02448f0db6ed3b8545b690629d
datasets/extracted/Set14/images/Test_0015_1_00_013_2023-06-07T09_43_46.224877.jpg,OTHER,5929199,fc113cec0a0a6ed5b0c726dadf3f6a8a
datasets/extracted/Set14/images/Test_0015_1_00_014_2023-06-07T09_45_19.428742.jpg,OTHER,5930408,34c052c288d68974ee6240c5cde05677
datasets/extracted/Set14/images/Test_0015_1_00_015_2023-06-07T09_46_53.984040.jpg,OTHER,5932817,0a6e48ec15b9f0ad62c563f5a9994ef7
datasets/extracted/Set14/images/Test_0015_1_00_016_2023-06-07T09_48_26.875883.jpg,OTHER,5941806,ce3c09e122a3cd4ecb548755d736d4d7
datasets/extracted/Set14/images/Test_0015_1_00_017_2023-06-07T09_49_59.874779.jpg,OTHER,5927294,324c89505d20bb1fd3f7507457a87705
datasets/extracted/Set14/images/Test_0015_1_00_018_2023-06-07T09_51_33.487357.jpg,OTHER,5937664,5db5479398c2c4c6b672117463ff91ac
datasets/extracted/Set14/images/Test_0015_1_00_019_2023-06-07T09_53_06.607703.jpg,OTHER,5930437,7f1cec04aabde9a37784d3f76c9789c6
datasets/extracted/Set14/images/Test_0015_1_00_020_2023-06-07T09_54_41.229198.jpg,OTHER,5920669,d8c630b4486383ab3b268ff819251199
datasets/extracted/Set14/images/Test_0015_1_00_021_2023-06-07T09_56_14.341765.jpg,OTHER,5915723,1b0cf8fd605a3242ed6da30c00c932a7
datasets/extracted/Set14/images/Test_0015_1_00_022_2023-06-07T09_57_47.233224.jpg,OTHER,5912823,05922fd40b2864978c49ecd0f9b0d1c1
datasets/extracted/Set14/images/Test_0015_1_00_023_2023-06-07T09_59_20.427833.jpg,OTHER,5926892,5effdc720741c2b02f37095578c21432
datasets/extracted/Set14/images/Test_0015_1_00_024_2023-06-07T10_00_55.038352.jpg,OTHER,5933126,b1096d0b30ed2565acc82a7aa4719116
datasets/extracted/Set14/images/Test_0015_1_00_025_2023-06-07T10_02_28.198432.jpg,OTHER,5921287,42d11542a936939546af27dc6c646c86
datasets/extracted/Set14/images/Test_0015_1_00_026_2023-06-07T10_04_01.658389.jpg,OTHER,5922457,08db3c718c1f2f248994156599fc364f
datasets/extracted/Set14/images/Test_0015_1_00_027_2023-06-07T10_05_34.679366.jpg,OTHER,5930128,0daf2e3e733c2f0ffe1fd4deac654a00
datasets/extracted/Set14/images/Test_0015_1_00_028_2023-06-07T10_07_07.829231.jpg,OTHER,5922463,b0c6be0bf9854312ea8404e33a401872
datasets/extracted/Set14/images/Test_0015_1_00_029_2023-06-07T10_08_40.669715.jpg,OTHER,5917544,1463c38337cc2e96e727b11907d2b859
datasets/extracted/Set14/images/Test_0015_1_00_030_2023-06-07T10_10_15.300184.jpg,OTHER,5915400,075d0429c52fbdece68b6e7765897134
datasets/extracted/Set14/images/Test_0015_1_00_031_2023-06-07T10_11_48.380473.jpg,OTHER,5913285,756da62e4397f533d73835d6e453d6ff
datasets/extracted/Set14/images/Test_0015_1_00_032_2023-06-07T10_13_21.490793.jpg,OTHER,5912161,f73435e15e61ff8d85fc456a340b8fa1
datasets/extracted/Set14/images/Test_0015_1_00_033_2023-06-07T10_14_54.490140.jpg,OTHER,5906863,1733110a9892864e26475129dd91de8c
datasets/extracted/Set14/images/Test_0015_1_00_034_2023-06-07T10_16_27.452234.jpg,OTHER,5930880,6b08d85903b8ea012bbe92ff760f8d92
datasets/extracted/Set14/images/Test_0015_1_00_035_2023-06-07T10_18_02.205141.jpg,OTHER,5928113,ad08c10808944c80111ed0a9e1b05b99
datasets/extracted/Set14/images/Test_0015_1_00_036_2023-06-07T10_19_35.187009.jpg,OTHER,5921786,cd64f4e23e868abca82dc5d1c7a0744a
datasets/extracted/Set14/images/Test_0015_1_00_037_2023-06-07T10_21_08.194394.jpg,OTHER,5902037,b25d64d53166dc07bd202286d3a6ca8a
datasets/extracted/Set14/images/Test_0015_1_00_038_2023-06-07T10_22_42.680858.jpg,OTHER,5911040,076ad9475543cd322b4116b77af17abf
datasets/extracted/Set14/images/Test_0015_1_00_039_2023-06-07T10_24_15.634313.jpg,OTHER,5899648,76cc693f920f2f30917c059e89c79b9a
datasets/extracted/Set14/images/Test_0015_1_00_040_2023-06-07T10_25_50.390561.jpg,OTHER,5907329,0a631d4c3eee301fa87821635bb0d149
datasets/extracted/Set14/images/Test_0015_1_00_041_2023-06-07T10_27_23.616842.jpg,OTHER,5904816,d72da4e335125f782cae906729eea9a9
datasets/extracted/Set14/images/Test_0015_1_00_042_2023-06-07T10_28_56.593189.jpg,OTHER,5914687,1dfc30665643d1409f50da31b73c5a51
datasets/extracted/Set14/images/Test_0015_1_00_043_2023-06-07T10_30_31.286114.jpg,OTHER,5912431,ca011853abe60bc98bf0792e0d43c766
datasets/extracted/Set14/images/Test_0015_1_00_044_2023-06-07T10_32_04.560459.jpg,OTHER,5910214,e043526c4504dbbe1eeec9665a2e89f7
datasets/extracted/Set14/images/Test_0015_1_00_045_2023-06-07T10_33_37.623764.jpg,OTHER,5919840,6fc64e495c713ef29975bc6fcbc2726d
datasets/extracted/Set14/images/Test_0015_1_00_046_2023-06-07T10_35_12.309945.jpg,OTHER,5912248,5adc6cb62469ff71a8ca2477a0ca08e4
datasets/extracted/Set14/images/Test_0015_1_00_047_2023-06-07T10_36_45.320209.jpg,OTHER,5889073,7ee1c65c6d5b0bb71b446a3ea5909578
datasets/extracted/Set14/images/Test_0015_1_00_048_2023-06-07T10_38_18.520524.jpg,OTHER,5869807,0652f5d3c3a109d6df99ce54b7380c60
datasets/extracted/Set14/images/Test_0015_1_00_049_2023-06-07T10_39_53.121557.jpg,OTHER,5926434,083cf74f9995efc4b5c577d7e71ed74d
datasets/extracted/Set14/images/Test_0015_1_00_050_2023-06-07T10_41_26.257347.jpg,OTHER,5930966,65995884a6b28904d2401ff05f374061
datasets/extracted/Set14/images/Test_0015_1_00_051_2023-06-07T10_43_00.689996.jpg,OTHER,5930529,0f48da9e6f01850cc367eae2ac783be4
datasets/extracted/Set14/images/Test_0015_1_00_052_2023-06-07T10_44_33.619384.jpg,OTHER,5927854,cba36e7b14102febff831cd34cd11d75
datasets/extracted/Set14/images/Test_0015_1_00_053_2023-06-07T11_37_08.395495.jpg,OTHER,5919803,9eb385e0506a7702fcc7fb8b5d93301b
datasets/extracted/Set14/images/Test_0015_1_00_054_2023-06-07T11_38_41.301454.jpg,OTHER,5924395,c443f1381acaf2c251123de36d458f5b
datasets/extracted/Set14/images/Test_0015_1_00_055_2023-06-07T11_40_14.277228.jpg,OTHER,5924276,bbf68862529d1885c68d21102c6a5b91
datasets/extracted/Set14/images/Test_0015_1_00_056_2023-06-07T11_41_48.948228.jpg,OTHER,5923123,818c83b7b3ef410019d5bb2be721c5e9
datasets/extracted/Set14/images/Test_0015_1_00_057_2023-06-07T11_43_23.437404.jpg,OTHER,5923606,36e9382727092f0715aee7781eff42cb
datasets/extracted/Set14/images/Test_0015_1_00_058_2023-06-07T11_44_56.522699.jpg,OTHER,5936071,8fe9e46824eff1379143a5591a521298
datasets/extracted/Set14/images/Test_0015_1_00_059_2023-06-07T11_46_31.086798.jpg,OTHER,5945882,0bf714d4142f462ef6136200841b2598
datasets/extracted/Set14/images/Test_0015_1_00_060_2023-06-07T11_48_04.279566.jpg,OTHER,5950730,d6ce0e6ddccdbc511710321a31d55478
datasets/extracted/Set14/images/Test_0015_1_00_061_2023-06-07T11_49_37.779584.jpg,OTHER,5952368,396b56cf101840b93e55323fbb21ec35
datasets/extracted/Set14/images/Test_0015_1_00_062_2023-06-07T11_51_12.393583.jpg,OTHER,5947905,943e21e3085dad656d23805f44422515
datasets/extracted/Set14/images/Test_0015_1_00_063_2023-06-07T11_52_46.930113.jpg,OTHER,5955253,f92bcb3339dae6acc793d6c0ecc7e591
datasets/extracted/Set14/images/Test_0015_1_00_064_2023-06-07T11_54_20.159777.jpg,OTHER,5953044,39253eaaf51ab986d41bc673bc0fa96c
datasets/extracted/Set14/images/Test_0015_1_00_065_2023-06-07T11_55_54.729956.jpg,OTHER,5955484,c044473b46615540bf3f5a06c50921ce
datasets/extracted/Set14/images/Test_0015_1_00_066_2023-06-07T11_57_27.849472.jpg,OTHER,5939706,6317b3a3e94778916319ed6322cf51bd
datasets/extracted/Set14/images/Test_0015_1_00_067_2023-06-07T11_59_02.364068.jpg,OTHER,5953239,abfd51b624594f7f6adf61dbe6f2fd6b
datasets/extracted/Set14/images/Test_0015_1_00_068_2023-06-07T12_00_35.451907.jpg,OTHER,5943622,4707de0dfb8e185dfd3af0d3dbe0f863
datasets/extracted/Set14/images/Test_0015_1_00_069_2023-06-07T12_02_10.218278.jpg,OTHER,5948998,f2140b2405f9212f990a18b8fdf64200
datasets/extracted/Set14/images/Test_0015_1_00_070_2023-06-07T12_03_44.591371.jpg,OTHER,5947932,a733459479b440edacbbec14fb71ebbd
datasets/extracted/Set14/images/Test_0015_1_00_071_2023-06-07T12_05_17.591519.jpg,OTHER,5938012,f08b2f626b8d98998a615315d711976f
datasets/extracted/Set14/images/Test_0015_1_00_072_2023-06-07T12_06_52.239432.jpg,OTHER,5934021,09324d90ff57c734617c9d0381b6c128
datasets/extracted/Set14/images/Test_0015_1_00_073_2023-06-07T12_08_26.913973.jpg,OTHER,5931325,0edf2c2d3524182a1b1ee4fd6d1fe64f
datasets/extracted/Set14/images/Test_0015_1_00_074_2023-06-07T12_09_59.964854.jpg,OTHER,5933293,e45a032f66961755b15d47f76b949735
datasets/extracted/Set14/images/Test_0015_1_00_075_2023-06-07T12_11_34.600351.jpg,OTHER,5926087,efd969bd475829c0faddb944def05ed5
datasets/extracted/Set14/images/Test_0015_1_00_076_2023-06-07T12_13_09.156890.jpg,OTHER,5918278,9cdc2ef3abf16ac8cfd718fddf1499f3
datasets/extracted/Set14/images/Test_0015_1_00_077_2023-06-07T12_14_43.701052.jpg,OTHER,5921452,a003b9151596358042b53116a4015f00
datasets/extracted/Set14/images/Test_0015_1_00_078_2023-06-07T12_16_16.818644.jpg,OTHER,5918495,767b4ad5ac471764c9fdafe436204752
datasets/extracted/Set14/images/Test_0015_1_00_079_2023-06-07T12_17_51.502168.jpg,OTHER,5910980,c6b15cb1b1d8aa3e42a573a85c760f7a
datasets/extracted/Set14/images/Test_0015_1_00_080_2023-06-07T12_19_26.242651.jpg,OTHER,5907442,05c3b7aced78cb51da0c7a73861c3d34
datasets/extracted/Set14/images/Test_0015_1_00_081_2023-06-07T12_20_59.343453.jpg,OTHER,5897837,2c8579993e94454ebf253a6d33df710b
datasets/extracted/Set14/images/Test_0015_1_00_082_2023-06-07T12_22_34.210869.jpg,OTHER,5892090,4e1fc2f91f5a65ab0ce2fc00f496320b
datasets/extracted/Set14/images/Test_0015_1_00_083_2023-06-07T12_24_08.692956.jpg,OTHER,5909170,9bb465f46b9cac1d2b94f35fc96c2650
datasets/extracted/Set14/images/Test_0015_1_00_084_2023-06-07T12_25_41.739065.jpg,OTHER,5901525,ca43ca9681518696c4604e01ce65b1aa
datasets/extracted/Set14/images/Test_0015_1_00_085_2023-06-07T12_27_16.389378.jpg,OTHER,5905032,cbde8f4f8c64fd0457cc171dff3a42f8
datasets/extracted/Set14/images/Test_0015_1_00_086_2023-06-07T12_28_51.246293.jpg,OTHER,5902366,38dde3ab278ae73ff86ae86c1635bb4a
datasets/extracted/Set14/images/Test_0015_1_00_087_2023-06-07T12_30_25.783842.jpg,OTHER,5902495,63d07c2532c2d9cf9896a82242edbbcd
datasets/extracted/Set14/images/Test_0015_1_00_088_2023-06-07T12_32_00.286403.jpg,OTHER,5901773,10ecf9c92f400372fe64b406a730b961
datasets/extracted/Set14/images/Test_0015_1_00_089_2023-06-07T12_33_34.822671.jpg,OTHER,5903878,0ddcd3e38e9c86c1710ecc28b18c272a
datasets/extracted/Set14/images/Test_0015_1_00_090_2023-06-07T12_35_09.312937.jpg,OTHER,5897783,3ca2c5bd96c323ebc7e005ecbc2cd8ee
datasets/extracted/Set14/images/Test_0015_1_00_091_2023-06-07T12_36_43.872548.jpg,OTHER,5894958,da994f00ebf26511671af10bae1bd9f8
datasets/extracted/Set14/images/Test_0015_1_00_092_2023-06-07T12_38_17.096963.jpg,OTHER,5894819,f12ab9fdb5ae2d4bec5ffde9fcf2d3ef
datasets/extracted/Set14/images/Test_0015_1_00_093_2023-06-07T12_39_51.860447.jpg,OTHER,5898178,b464ccf31774ffba2aca3ce63ee8fe5c
datasets/extracted/Set14/images/Test_0015_1_00_094_2023-06-07T12_41_26.245508.jpg,OTHER,5888480,c2dfbc3e7e2fc9d0098c79000d7df272
datasets/extracted/Set14/images/Test_0015_1_00_095_2023-06-07T12_43_00.841600.jpg,OTHER,5891105,509661057034a1dee5a4a09425ea1629
datasets/extracted/Set14/images/Test_0015_1_00_096_2023-06-07T12_44_35.361703.jpg,OTHER,5888714,9f9a5af8f9f5ffcc32003f7288de9942
datasets/extracted/Set14/images/Test_0015_1_00_097_2023-06-07T12_46_09.936942.jpg,OTHER,5897713,48260b294b0e016cd78844de3919ad6a
datasets/extracted/Set14/images/Test_0015_1_00_098_2023-06-07T12_47_44.424478.jpg,OTHER,5888639,3cc801fd31df427bf811a64e4300853f
datasets/extracted/Set14/images/Test_0015_1_00_099_2023-06-07T12_49_18.908066.jpg,OTHER,5887737,0c00d7515154e7504a45a89faf48834a
datasets/extracted/Set14/images/Test_0015_1_00_100_2023-06-07T12_50_53.537611.jpg,OTHER,5888833,bccdedfa366470c31b517af413d45d6b
datasets/extracted/Set14/images/Test_0015_1_00_101_2023-06-07T12_52_27.999871.jpg,OTHER,5884276,d27a737e7795876bbc984906e18cc043
datasets/extracted/Set14/images/Test_0015_1_00_102_2023-06-07T12_54_02.406948.jpg,OTHER,5905170,729db313b9c818da59861ad08865f867
datasets/extracted/Set14/images/Test_0015_1_00_103_2023-06-07T13_35_13.345023.jpg,OTHER,5913146,c029525b34f340c4dd3e0b2e025bdca5
datasets/extracted/Set14/images/Test_0015_1_00_104_2023-06-07T13_36_45.899309.jpg,OTHER,5919555,219e07591c9e5474e8f20c0cee5830aa
datasets/extracted/Set14/images/Test_0015_1_00_105_2023-06-07T13_38_19.075732.jpg,OTHER,5919299,81fe9207bc21978ce08577a9649f4627
datasets/extracted/Set14/images/Test_0015_1_00_106_2023-06-07T13_39_52.249050.jpg,OTHER,5919457,eae6b1f3848bc6692a65c1869b12ab45
datasets/extracted/Set14/images/Test_0015_1_00_107_2023-06-07T13_41_26.917162.jpg,OTHER,5917457,7fee5fe50aede6ae8cea0796d1d35caf
datasets/extracted/Set14/images/Test_0015_1_00_108_2023-06-07T13_42_58.821581.jpg,OTHER,5934590,c9d6f973479c89fff1f73012682e0acd
datasets/extracted/Set14/images/Test_0015_1_00_109_2023-06-07T13_44_31.952979.jpg,OTHER,5919232,82d9f3673853f7acb507d7c977ea35a4
datasets/extracted/Set14/images/Test_0015_1_00_110_2023-06-07T13_46_05.167858.jpg,OTHER,5931771,7271d734fcf06c6074d2065a957fd22e
datasets/extracted/Set14/images/Test_0015_1_00_111_2023-06-07T13_47_39.656593.jpg,OTHER,5933465,0ba3e40369e0e1f5f6f92f6f35b2af75
datasets/extracted/Set14/images/Test_0015_1_00_112_2023-06-07T13_49_12.727457.jpg,OTHER,5922411,fab24881cfefc446c65ec95a81f04783
datasets/extracted/Set14/images/Test_0015_1_00_113_2023-06-07T13_50_45.661909.jpg,OTHER,5935999,dae33ebfeaf78578a05c5a513d218cc9
datasets/extracted/Set14/images/Test_0015_1_00_114_2023-06-07T13_52_18.610384.jpg,OTHER,5941905,9e9b803019c8ef5f821968aac6574895
datasets/extracted/Set14/images/Test_0015_1_00_115_2023-06-07T13_53_51.841180.jpg,OTHER,5933865,904a769501909b71300244d5e28bdbe7
datasets/extracted/Set14/images/Test_0015_1_00_116_2023-06-07T13_55_26.354966.jpg,OTHER,5935661,da1eec6ba6060c5bfd3e6006fda6af69
datasets/extracted/Set14/images/Test_0015_1_00_117_2023-06-07T13_56_59.374107.jpg,OTHER,5937078,f1e12c4ac69d6b3181915dbe3f71d59a
datasets/extracted/Set14/images/Test_0015_1_00_118_2023-06-07T13_58_32.379022.jpg,OTHER,5934064,d5a44f967583693745201d67128150c8
datasets/extracted/Set14/images/Test_0015_1_00_119_2023-06-07T14_00_05.358110.jpg,OTHER,5930283,a1ed93c1feb65427bb44749a91ee638e
datasets/extracted/Set14/images/Test_0015_1_00_120_2023-06-07T14_01_39.958651.jpg,OTHER,5928753,8aa846c935ec9e10e2993f81d11ee673
datasets/extracted/Set14/images/Test_0015_1_00_121_2023-06-07T14_03_12.980005.jpg,OTHER,5918571,7a225af48dde7e52690908466a9e14f8
datasets/extracted/Set14/images/Test_0015_1_00_122_2023-06-07T14_04_45.921484.jpg,OTHER,5902533,473d29d25dea7646850c3f4e644f04a4
datasets/extracted/Set14/images/Test_0015_1_00_123_2023-06-07T14_06_19.095289.jpg,OTHER,6024147,723d4eca61931b39a6cd599a03336878
datasets/extracted/Set14/images/Test_0015_1_00_124_2023-06-07T14_07_52.099167.jpg,OTHER,5925050,9fa8861799f3fb8a9875c4de229416e9
datasets/extracted/Set14/images/Test_0015_1_00_125_2023-06-07T14_09_26.667718.jpg,OTHER,5928517,7199e9d455395ca7211f00216c40925d
datasets/extracted/Set14/images/Test_0015_1_00_126_2023-06-07T14_10_59.953194.jpg,OTHER,5937003,236f7b28e01432feca225479af885237
datasets/extracted/Set14/images/Test_0015_1_00_127_2023-06-07T14_12_32.945131.jpg,OTHER,6030210,b22d0b327c6bf51e4803a24c029a8967
datasets/extracted/Set14/images/Test_0015_1_00_128_2023-06-07T14_14_07.638180.jpg,OTHER,5941706,0030d5e02cfaf89c370fc579d8a4352a
datasets/extracted/Set14/images/Test_0015_1_00_129_2023-06-07T14_15_41.085835.jpg,OTHER,5945254,e09a9f1e916efc57a3ba1429d122f759
datasets/extracted/Set14/images/Test_0015_1_00_130_2023-06-07T14_17_14.107676.jpg,OTHER,5981728,006f6e32a3ac0bb93fd9ab96bfac50b5
datasets/extracted/Set14/images/Test_0015_1_00_131_2023-06-07T14_18_47.234038.jpg,OTHER,5966693,534625eb66ee1d58bdb2c2e770998a7a
datasets/extracted/Set14/images/Test_0015_1_00_132_2023-06-07T14_20_20.314377.jpg,OTHER,5985613,553096f6bc35fdab594ca209aeb64505
datasets/extracted/Set14/images/Test_0015_1_00_133_2023-06-07T14_21_54.819551.jpg,OTHER,5945456,7fb20f2f7c4649916ad79d99c1782320
datasets/extracted/Set14/images/Test_0015_1_00_134_2023-06-07T14_23_27.975997.jpg,OTHER,6001591,a7837e85c3e2b48eb8984295a131acfd
datasets/extracted/Set14/images/Test_0015_1_00_135_2023-06-07T14_25_01.068450.jpg,OTHER,5960519,52148d1da83201700100c2e3ba1ad97e
datasets/extracted/Set14/images/Test_0015_1_00_136_2023-06-07T14_26_35.697528.jpg,OTHER,5951384,307b9a9e223508be015f146e9ce688eb
datasets/extracted/Set14/images/Test_0015_1_00_137_2023-06-07T14_28_08.739500.jpg,OTHER,5966374,eed4dbaeff8a3628efde47f03b069551
datasets/extracted/Set14/images/Test_0015_1_00_138_2023-06-07T14_29_42.006912.jpg,OTHER,5955681,e0148d771aa325a0759e5ac8f5f23efe
datasets/extracted/Set14/images/Test_0015_1_00_139_2023-06-07T14_31_15.133257.jpg,OTHER,5995859,ffc4aaae8656a12635b00871d05e89e5
datasets/extracted/Set14/images/Test_0015_1_00_140_2023-06-07T14_32_49.795440.jpg,OTHER,5987395,a703d6f2ad8b74168851b8cc8bb2a0c5
datasets/extracted/Set14/images/Test_0015_1_00_141_2023-06-07T14_34_22.805958.jpg,OTHER,5994782,a5ec633314be3ceeec2b0562093d2680
datasets/extracted/Set14/images/Test_0015_1_00_142_2023-06-07T14_35_57.263250.jpg,OTHER,5988390,c347512c5be3507e5eeccaff992881a7
datasets/extracted/Set14/images/Test_0015_1_00_143_2023-06-07T14_37_30.341559.jpg,OTHER,5993194,8e43fb23c64664c4fcaf1a8b534948ea
datasets/extracted/Set14/images/Test_0015_1_00_144_2023-06-07T14_39_03.374062.jpg,OTHER,5998741,5f0bc56dce59ad02b308d5ab1f628dc4
datasets/extracted/Set14/images/Test_0015_1_00_145_2023-06-07T14_40_38.004103.jpg,OTHER,6006007,934f20fc81905ac93c0c2ba828b02e6e
datasets/extracted/Set14/images/Test_0015_1_00_146_2023-06-07T14_42_10.917890.jpg,OTHER,5967215,12106ca32de64d6707af978e9fcedcff
datasets/extracted/Set14/images/Test_0015_1_00_147_2023-06-07T14_43_45.614873.jpg,OTHER,5979509,dc89f00956b50d38fe6b26d2ea99d22a
datasets/extracted/Set14/images/Test_0015_1_00_148_2023-06-07T14_45_18.827282.jpg,OTHER,5966786,f2f08cd14f865f1240e0da238e28ed7b
datasets/extracted/Set14/images/Test_0015_1_00_149_2023-06-07T14_46_53.609487.jpg,OTHER,5978731,40ecf64483ca8bab9f1bc36c0db0d5c3
datasets/extracted/Set14/images/Test_0015_1_00_150_2023-06-07T14_48_26.554567.jpg,OTHER,5982796,34c2c996dbd6c9a942903e8fb85e4fe7
datasets/extracted/Set14/images/Test_0015_1_00_151_2023-06-07T14_50_00.614901.jpg,OTHER,5985774,5b38c02874b8ec9f9e751881a2184671
datasets/extracted/Set15/images/Test_0015_1_00_152_2023-06-08T09_01_51.613673.jpg,OTHER,5962743,b7c2676a5f950611772436b3d3a75786
datasets/extracted/Set15/images/Test_0015_1_00_153_2023-06-08T09_03_25.758428.jpg,OTHER,5626873,67959786c2f682c393689693bde9a6a2
datasets/extracted/Set15/images/Test_0015_1_00_154_2023-06-08T09_04_58.927225.jpg,OTHER,5997546,837ffd67d6be61c68ab2b0c9bad171c4
datasets/extracted/Set15/images/Test_0015_1_00_155_2023-06-08T09_06_33.751778.jpg,OTHER,5999223,019e2f7443b5f0123c6b85d9a2389199
datasets/extracted/Set15/images/Test_0015_1_00_156_2023-06-08T09_08_07.255845.jpg,OTHER,5992226,4f6ad10f93bd523aca4967ef22fc44d0
datasets/extracted/Set15/images/Test_0015_1_00_157_2023-06-08T09_09_40.316131.jpg,OTHER,6007907,89b415969a9ab3646811f767914d1c2d
datasets/extracted/Set15/images/Test_0015_1_00_158_2023-06-08T09_11_14.995151.jpg,OTHER,5956652,f42beaf728cb6e4f5c5ef449fdc540cc
datasets/extracted/Set15/images/Test_0015_1_00_159_2023-06-08T09_12_48.009511.jpg,OTHER,6058023,328b79f79be3a93f0bc2baedb7b60e30
datasets/extracted/Set15/images/Test_0015_1_00_160_2023-06-08T09_14_22.823233.jpg,OTHER,6020362,c86cb24134957329976d7b9a1a930356
datasets/extracted/Set15/images/Test_0015_1_00_161_2023-06-08T09_15_55.802963.jpg,OTHER,5994210,2bc39aed47505aff9c1220af3fb1945d
datasets/extracted/Set15/images/Test_0015_1_00_162_2023-06-08T09_17_30.625899.jpg,OTHER,6247710,46ef7e0f17df55d7764000a6540dc82b
datasets/extracted/Set15/images/Test_0015_1_00_163_2023-06-08T09_19_05.132976.jpg,OTHER,6014540,22208c710eeb6435274b902969e8d9eb
datasets/extracted/Set15/images/Test_0015_1_00_164_2023-06-08T09_20_38.356750.jpg,OTHER,6023393,8d682e95f6fb9333da4697a77dcab8ba
datasets/extracted/Set15/images/Test_0015_1_00_165_2023-06-08T09_22_13.011273.jpg,OTHER,5981134,6351a1be7b7a1709bf4760778f2c6512
datasets/extracted/Set15/images/Test_0015_1_00_166_2023-06-08T09_23_45.914150.jpg,OTHER,6020975,42ac97bfbe7157af8f9a91c17558f2b0
datasets/extracted/Set15/images/Test_0015_1_00_167_2023-06-08T09_25_20.621236.jpg,OTHER,6053159,cbd774922fb0f90e8a1f15f3a2a8e003
datasets/extracted/Set15/images/Test_0015_1_00_168_2023-06-08T09_26_55.103275.jpg,OTHER,6042957,385a52cad238e532f33450412e9ad7d4
datasets/extracted/Set15/images/Test_0015_1_00_169_2023-06-08T09_28_28.227570.jpg,OTHER,6166435,db0e09954844d19844e4ff868a4cd1e6
datasets/extracted/Set15/images/Test_0015_1_00_170_2023-06-08T09_30_02.913098.jpg,OTHER,6044870,b04641a49ee4e62bce07739127b4a896
datasets/extracted/Set15/images/Test_0015_1_00_171_2023-06-08T09_31_37.487099.jpg,OTHER,6199844,0847f3c91dd25c058642892a09594e7e
datasets/extracted/Set15/images/Test_0015_1_00_172_2023-06-08T09_33_10.607176.jpg,OTHER,6026148,ece1ed3fd51ee3af41ebb793241b130e
datasets/extracted/Set15/images/Test_0015_1_00_173_2023-06-08T09_34_45.433159.jpg,OTHER,6045769,9673fab9c65601e192250d55ea09bd50
datasets/extracted/Set15/images/Test_0015_1_00_174_2023-06-08T09_36_19.865166.jpg,OTHER,6061905,14748b7e9563924317d341b04c20a0fc
datasets/extracted/Set15/images/Test_0015_1_00_175_2023-06-08T09_37_52.921932.jpg,OTHER,6054022,2f7df9150e551e09d42b148f711557ba
datasets/extracted/Set15/images/Test_0015_1_00_176_2023-06-08T09_39_27.651871.jpg,OTHER,6109920,0e812826862fcfb31ca2cc66f1aa7afb
datasets/extracted/Set15/images/Test_0015_1_00_177_2023-06-08T09_41_02.184906.jpg,OTHER,6045870,394d7152048b7e36dfff25bf654d41dd
datasets/extracted/Set15/images/Test_0015_1_00_178_2023-06-08T09_42_36.639541.jpg,OTHER,6060180,726d056364afbe6c8e02ee6832f3658b
datasets/extracted/Set15/images/Test_0015_1_00_179_2023-06-08T09_44_11.043696.jpg,OTHER,6038247,f360e0c1e7507571321809a2b960594b
datasets/extracted/Set15/images/Test_0015_1_00_180_2023-06-08T09_45_44.058337.jpg,OTHER,6060462,1c153d19d4e74048307548ad38982daf
datasets/extracted/Set15/images/Test_0015_1_00_181_2023-06-08T09_47_18.766521.jpg,OTHER,6093675,a9b5d2b58054620a978af84c26f2beca
datasets/extracted/Set15/images/Test_0015_1_00_182_2023-06-08T09_48_53.366530.jpg,OTHER,6024978,af6518e71cd50aa719e2852efed3fcf5
datasets/extracted/Set15/images/Test_0015_1_00_183_2023-06-08T09_50_27.856728.jpg,OTHER,6102670,140582f6e4623cbefe6b67de3767cb83
datasets/extracted/Set15/images/Test_0015_1_00_184_2023-06-08T09_52_02.460299.jpg,OTHER,6033167,bf5ea401da8268fcc7522698f461c4f1
datasets/extracted/Set15/images/Test_0015_1_00_185_2023-06-08T09_53_37.079855.jpg,OTHER,6121195,98d1fceb45f0139d67b5985d7c8940e6
datasets/extracted/Set15/images/Test_0015_1_00_186_2023-06-08T09_55_10.225624.jpg,OTHER,6102519,c55d50effbc461516291b34750fd2a7a
datasets/extracted/Set15/images/Test_0015_1_00_187_2023-06-08T09_56_44.909179.jpg,OTHER,6122214,da216a85e32befb56900a0c16d34a6d1
datasets/extracted/Set15/images/Test_0015_1_00_188_2023-06-08T09_58_19.585182.jpg,OTHER,6060910,90fda9abd61903b40e044b338d6fb895
datasets/extracted/Set15/images/Test_0015_1_00_189_2023-06-08T09_59_54.109244.jpg,OTHER,6050941,970364bd832fccfa3da861f85a7ae90d
datasets/extracted/Set15/images/Test_0015_1_00_190_2023-06-08T10_01_28.524384.jpg,OTHER,6098898,b3c3a67792d7219b8d9f78c96abcbbff
datasets/extracted/Set15/images/Test_0015_1_00_191_2023-06-08T10_03_03.010442.jpg,OTHER,6097639,d131025126567a7f12d3bd9180a44b6e
datasets/extracted/Set15/images/Test_0015_1_00_192_2023-06-08T10_04_37.466577.jpg,OTHER,6058766,e61864816c0fa1c90c84469d8fd98932
datasets/extracted/Set15/images/Test_0015_1_00_193_2023-06-08T10_06_12.031430.jpg,OTHER,6084977,986fc401301f7629a65c8a7de27bbbd9
datasets/extracted/Set15/images/Test_0015_1_00_194_2023-06-08T10_07_46.656488.jpg,OTHER,6044666,35c9f3aa6dbe2eb8b9b38f3f391de164
datasets/extracted/Set15/images/Test_0015_1_00_195_2023-06-08T10_09_21.111085.jpg,OTHER,6109063,9d1af09eedbfb5705078c6a726bf985c
datasets/extracted/Set15/images/Test_0015_1_00_196_2023-06-08T10_10_55.598195.jpg,OTHER,6047003,6ffd25ab7f514a67422fe29dcc2a74ff
datasets/extracted/Set15/images/Test_0015_1_00_197_2023-06-08T10_12_29.512071.jpg,OTHER,6072509,6bc762be6b083995afe8dd5c13660374
datasets/extracted/Set15/images/Test_0015_1_00_198_2023-06-08T10_14_04.340565.jpg,OTHER,6077562,b31983f8279112be99a55e8007f32051
datasets/extracted/Set15/images/Test_0015_1_00_199_2023-06-08T10_15_39.055082.jpg,OTHER,6075106,1f99e55b773c1b570383456c1a576a17
datasets/extracted/Set15/images/Test_0015_1_00_200_2023-06-08T10_17_13.711023.jpg,OTHER,6067894,79761c09e9d33ac1ae7798c513c68cad
datasets/extracted/Set15/images/Test_0015_1_00_201_2023-06-08T10_18_48.422514.jpg,OTHER,6062150,a06935efa6cba19253a186c559b94e76
datasets/extracted/Set16/images/Test_0015_1_00_202_2023-06-08T10_42_14.649458.jpg,OTHER,5969619,7687af6f123adbc91a22f70a3356f0d3
datasets/extracted/Set16/images/Test_0015_1_00_203_2023-06-08T10_44_44.370999.jpg,OTHER,5987780,52ca405a471ab9ed86e51c8867978b1a
datasets/extracted/Set16/images/Test_0015_1_00_204_2023-06-08T10_47_16.025822.jpg,OTHER,6010361,1d162e771c729f505f8ff01133b4c65c
datasets/extracted/Set16/images/Test_0015_1_00_205_2023-06-08T10_49_46.035648.jpg,OTHER,6024789,b3e53e902e8e42485399d2552559730b
datasets/extracted/Set16/images/Test_0015_1_00_206_2023-06-08T10_52_17.425321.jpg,OTHER,6023182,005844a12339728c3561a50a4533585f
datasets/extracted/Set16/images/Test_0015_1_00_207_2023-06-08T10_54_48.613566.jpg,OTHER,6029625,f300850c3c6470c4aa37d40c04d14d81
datasets/extracted/Set16/images/Test_0015_1_00_208_2023-06-08T10_57_18.235111.jpg,OTHER,6029775,2a00f924c5fa6a46c1d1f059f614febf
datasets/extracted/Set16/images/Test_0015_1_00_209_2023-06-08T10_59_49.639327.jpg,OTHER,6026895,4f2b9a354c5147840f9098d32b9896ec
datasets/extracted/Set16/images/Test_0015_1_00_210_2023-06-08T11_02_21.153855.jpg,OTHER,6034750,0226111b5517f7a881046f809ad11b14
datasets/extracted/Set16/images/Test_0015_1_00_211_2023-06-08T11_04_51.016216.jpg,OTHER,6036997,b7cc13481565bf2346d45b2cb3bee182
datasets/extracted/Set16/images/Test_0015_1_00_212_2023-06-08T11_07_22.475546.jpg,OTHER,6040076,e4764ac2da5cd8e226541a187d1337b4
datasets/extracted/Set16/images/Test_0015_1_00_213_2023-06-08T11_09_53.781820.jpg,OTHER,6034161,00f61d6362f737d2333755aaaede911c
datasets/extracted/Set16/images/Test_0015_1_00_214_2023-06-08T11_12_23.947615.jpg,OTHER,6048478,e5f830b59853f3f5ca95c0d6ea182488
datasets/extracted/Set16/images/Test_0015_1_00_215_2023-06-08T11_14_55.412810.jpg,OTHER,6052024,e8fc51be7360b3bc3a08ab3a5dbc9433
datasets/extracted/Set16/images/Test_0015_1_00_216_2023-06-08T11_17_27.068401.jpg,OTHER,6054051,87bb467fb1e84b14c9e7c4c75a531dc1
datasets/extracted/Set16/images/Test_0015_1_00_217_2023-06-08T11_19_56.966865.jpg,OTHER,6061509,361c743552a8fa6593bc1cdecbe91951
datasets/extracted/Set16/images/Test_0015_1_00_218_2023-06-08T11_22_28.384518.jpg,OTHER,6060010,7ef1bc741bed537fb1e46f04dd197348
datasets/extracted/Set16/images/Test_0015_1_00_219_2023-06-08T11_24_59.468372.jpg,OTHER,6062149,c9f178d6a2c2e0d1fcf535359c2be6fe
datasets/extracted/Set16/images/Test_0015_1_00_220_2023-06-08T11_27_30.969878.jpg,OTHER,6068206,95440b8b7168afd66257670357250ad9
datasets/extracted/Set16/images/Test_0015_1_00_221_2023-06-08T11_30_00.854538.jpg,OTHER,6073293,b4f3af3081ce4aa7bc9471cb207051ca
datasets/extracted/Set16/images/Test_0015_1_00_222_2023-06-08T11_32_32.346325.jpg,OTHER,6042324,449784721ef46aa6fbb1c5799b2ecb57
datasets/extracted/Set16/images/Test_0015_1_00_223_2023-06-08T11_35_03.634390.jpg,OTHER,6076356,8260c773dc38bcff2b584782d9c86cd5
datasets/extracted/Set16/images/Test_0015_1_00_224_2023-06-08T11_37_33.359722.jpg,OTHER,6081658,f458a65c15a9dde8c14746c1d2480970
datasets/extracted/Set16/images/Test_0015_1_00_225_2023-06-08T11_40_04.980176.jpg,OTHER,6110307,ce65b2600ca7a973931912c3ad649a2e
datasets/extracted/Set16/images/Test_0015_1_00_226_2023-06-08T11_42_36.286384.jpg,OTHER,6110739,cac4085f9c0f3b155436eb5aee65179a
datasets/extracted/Set16/images/Test_0015_1_00_227_2023-06-08T11_45_07.572109.jpg,OTHER,6118349,12b6263191a652d10c6571387def0e36
datasets/extracted/Set16/images/Test_0015_1_00_228_2023-06-08T11_47_37.703703.jpg,OTHER,6122624,b4d560dfc25016b87d3dddfb15686220
datasets/extracted/Set16/images/Test_0015_1_00_229_2023-06-08T11_50_09.086309.jpg,OTHER,6122022,532c104ab71b9e7635a14ad54bdc5429
datasets/extracted/Set16/images/Test_0015_1_00_230_2023-06-08T11_52_40.134164.jpg,OTHER,6113061,14eab258ebd7f491eceb7130a28669f1
datasets/extracted/Set16/images/Test_0015_1_00_231_2023-06-08T11_55_11.399748.jpg,OTHER,6131704,594ac11a186b0f371f9cba57eb37c34b
datasets/extracted/Set16/images/Test_0015_1_00_232_2023-06-08T11_57_41.348769.jpg,OTHER,6113834,712f3057d7d3d32d7495519632eb29ef
datasets/extracted/Set16/images/Test_0015_1_00_233_2023-06-08T12_00_12.850784.jpg,OTHER,6115296,604fc7a40d92679f4e85b3888d8da574
datasets/extracted/Set16/images/Test_0015_1_00_234_2023-06-08T12_02_44.204511.jpg,OTHER,6105670,2786d55df1e3153a74a3c8b8fd64d730
datasets/extracted/Set16/images/Test_0015_1_00_235_2023-06-08T12_05_15.178766.jpg,OTHER,6108667,b2c7558230cd399b97034f2b384c0a4f
datasets/extracted/Set16/images/Test_0015_1_00_236_2023-06-08T12_07_46.493970.jpg,OTHER,6119329,98a0e9a87d352cdf15996af658ca6699
datasets/extracted/Set16/images/Test_0015_1_00_237_2023-06-08T12_10_17.827512.jpg,OTHER,6108743,e79a68484494aa91f9e8028815364ef3
datasets/extracted/Set16/images/Test_0015_1_00_238_2023-06-08T12_12_48.918288.jpg,OTHER,6114695,ca5f91deee16b77da0debcbb4cb553dc
datasets/extracted/Set16/images/Test_0015_1_00_239_2023-06-08T12_15_20.196495.jpg,OTHER,6112888,ebf56628921399affb29e8abea31c2e1
datasets/extracted/Set16/images/Test_0015_1_00_240_2023-06-08T12_17_51.285860.jpg,OTHER,6111807,f93b85255dbc3349663b6a3f147dcae4
datasets/extracted/Set16/images/Test_0015_1_00_241_2023-06-08T12_20_22.472043.jpg,OTHER,6110573,6f9f8e334da03751df2dd7b16e07d8b7
datasets/extracted/Set16/images/Test_0015_1_00_242_2023-06-08T12_22_53.706178.jpg,OTHER,6120324,54dc4b631a27d816c1b5f96bbaceccea
datasets/extracted/Set16/images/Test_0015_1_00_243_2023-06-08T12_25_25.183543.jpg,OTHER,6118497,bf6a318afa654c1c2e48efad672a2179
datasets/extracted/Set16/images/Test_0015_1_00_244_2023-06-08T12_27_55.170178.jpg,OTHER,6124753,89a87c3960e5425a546459e46ffe69d7
datasets/extracted/Set16/images/Test_0015_1_00_245_2023-06-08T12_30_26.649131.jpg,OTHER,6122610,26b8ad180aee0b963e6786af86775e30
datasets/extracted/Set16/images/Test_0015_1_00_246_2023-06-08T12_32_58.028060.jpg,OTHER,6116353,e6f9b06c7d962de85fe21c2839ce0162
datasets/extracted/Set16/images/Test_0015_1_00_247_2023-06-08T12_35_29.363537.jpg,OTHER,6102403,12da0205e9a163d8bdacaa027da62a6d
datasets/extracted/Set16/images/Test_0015_1_00_248_2023-06-08T12_38_00.879795.jpg,OTHER,6108068,0691720418e58bfb054e7eba86057a8b
datasets/extracted/Set16/images/Test_0015_1_00_249_2023-06-08T12_40_31.777381.jpg,OTHER,6092214,d8d95ca9fb83014981e5c91d6f709b9d
datasets/extracted/Set16/images/Test_0015_1_00_250_2023-06-08T12_43_02.565065.jpg,OTHER,6139236,9532f2cd03dc6144cff7733ae0907e04
datasets/extracted/Set16/images/Test_0015_1_00_251_2023-06-08T12_56_23.775969.jpg,OTHER,6017483,1e371c22202c6281ecddfc13b2b501dd
datasets/extracted/Set16/images/Test_0015_1_00_252_2023-06-08T12_58_33.848795.jpg,OTHER,6041984,37ddcaa27dfbdd7b411c09977f82ef46
datasets/extracted/Set16/images/Test_0015_1_00_253_2023-06-08T13_00_44.449847.jpg,OTHER,6050875,9a655a38943f69c306692572dcbfdb8a
datasets/extracted/Set16/images/Test_0015_1_00_254_2023-06-08T13_02_55.284348.jpg,OTHER,6063204,00316280bc6efb72db0151785a89947e
datasets/extracted/Set16/images/Test_0015_1_00_255_2023-06-08T13_05_05.833925.jpg,OTHER,6071395,ad65b6f8ccf268b3113b3823db1daad9
datasets/extracted/Set16/images/Test_0015_1_00_256_2023-06-08T13_07_16.695602.jpg,OTHER,6078197,94a11246e3745acb55f8e962f4b21c8e
datasets/extracted/Set16/images/Test_0015_1_00_257_2023-06-08T13_09_27.568505.jpg,OTHER,6085722,8b62c7a94ccdde2215c689626423bdb3
datasets/extracted/Set16/images/Test_0015_1_00_258_2023-06-08T13_11_38.492486.jpg,OTHER,6095766,93a726dc8e9386d5d0b9396e87fdb914
datasets/extracted/Set16/images/Test_0015_1_00_259_2023-06-08T13_13_49.230952.jpg,OTHER,6094583,e9be08c107fb8be58ea60c4355c2f78d
datasets/extracted/Set16/images/Test_0015_1_00_260_2023-06-08T13_15_59.136153.jpg,OTHER,6101336,bc440d8e2062367f846444f00feb1eb7
datasets/extracted/Set16/images/Test_0015_1_00_261_2023-06-08T13_18_10.240417.jpg,OTHER,6099300,16103e613662fb101707e755241d57c3
datasets/extracted/Set16/images/Test_0015_1_00_262_2023-06-08T13_20_21.258288.jpg,OTHER,6100839,edfcb987ed592c3ff5d99fe03034df0e
datasets/extracted/Set16/images/Test_0015_1_00_263_2023-06-08T13_22_32.232686.jpg,OTHER,6111669,402a360079af5418770a7f0430efb88b
datasets/extracted/Set16/images/Test_0015_1_00_264_2023-06-08T13_24_43.215171.jpg,OTHER,6110931,415ec78c2a9e4677dde96376b4f6cf82
datasets/extracted/Set16/images/Test_0015_1_00_265_2023-06-08T13_26_54.302772.jpg,OTHER,6102782,13856eaf8bbf53fd91d7361499bbb810
datasets/extracted/Set16/images/Test_0015_1_00_266_2023-06-08T13_29_05.201240.jpg,OTHER,6101064,dc0ba752247ceebb8592aa1151caf13c
datasets/extracted/Set16/images/Test_0015_1_00_267_2023-06-08T13_31_16.099629.jpg,OTHER,6102575,87150ecbb2004428377ba891da388083
datasets/extracted/Set16/images/Test_0015_1_00_268_2023-06-08T13_33_27.022071.jpg,OTHER,6092549,c08c43964d091d809258d012d9192220
datasets/extracted/Set16/images/Test_0015_1_00_269_2023-06-08T13_35_37.979934.jpg,OTHER,6118464,aac5bd4b18ba9fe35631e2c9426339ed
datasets/extracted/Set16/images/Test_0015_1_00_270_2023-06-08T13_37_48.812364.jpg,OTHER,6122574,a135171053ef9c4dc808ad7be598ad34
datasets/extracted/Set16/images/Test_0015_1_00_271_2023-06-08T13_40_00.072650.jpg,OTHER,6124070,1e49493b322cc5533e150280dd3d0059
datasets/extracted/Set16/images/Test_0015_1_00_272_2023-06-08T13_42_11.208510.jpg,OTHER,6113808,154aa2b31c195b26b1ce546abacbecfc
datasets/extracted/Set16/images/Test_0015_1_00_273_2023-06-08T13_44_22.649641.jpg,OTHER,6123031,6c824350d8baee483de726abaab99a3a
datasets/extracted/Set16/images/Test_0015_1_00_274_2023-06-08T13_46_33.504362.jpg,OTHER,6123798,d285a0639c6bab24472016e727844809
datasets/extracted/Set16/images/Test_0015_1_00_275_2023-06-08T13_48_44.543297.jpg,OTHER,6112522,cf79f4d8f2a129d0ac90b77056062936
datasets/extracted/Set16/images/Test_0015_1_00_276_2023-06-08T13_50_55.553108.jpg,OTHER,6106806,fa64d705296e57a5e98863e873b25a29
datasets/extracted/Set16/images/Test_0015_1_00_277_2023-06-08T13_53_06.525986.jpg,OTHER,6104736,facf79ba38029bf083aeb30612633c4b
datasets/extracted/Set16/images/Test_0015_1_00_278_2023-06-08T13_55_17.583265.jpg,OTHER,6100576,f588e0a65f2cef957bb2c5bed01697a1
datasets/extracted/Set16/images/Test_0015_1_00_279_2023-06-08T13_57_28.650144.jpg,OTHER,6114361,3c48551db05796abd71a46bfa6eb713f
datasets/extracted/Set16/images/Test_0015_1_00_280_2023-06-08T13_59_39.831349.jpg,OTHER,6100697,baa6c1537f82c585fa155620807ba4c6
datasets/extracted/Set16/images/Test_0015_1_00_281_2023-06-08T14_01_50.956624.jpg,OTHER,6106485,00c7e82f73402e312255bfd15567498d
datasets/extracted/Set16/images/Test_0015_1_00_282_2023-06-08T14_04_03.553657.jpg,OTHER,6087259,e9ff5d0c29acdd5fc74a4b3739ccc6a7
datasets/extracted/Set16/images/Test_0015_1_00_283_2023-06-08T14_06_14.465517.jpg,OTHER,6090217,4bf81e517975071dbdd3dc41330787a9
datasets/extracted/Set16/images/Test_0015_1_00_284_2023-06-08T14_08_25.230590.jpg,OTHER,6100646,b790601a5b4c1d125f21c7f52d80a29c
datasets/extracted/Set16/images/Test_0015_1_00_285_2023-06-08T14_10_36.446810.jpg,OTHER,6100685,3d289a699dd09b50fe7a38d5bbc0a485
datasets/extracted/Set16/images/Test_0015_1_00_286_2023-06-08T14_12_47.526121.jpg,OTHER,6096978,6d5378df6b6450b78520277af6723833
datasets/extracted/Set16/images/Test_0015_1_00_287_2023-06-08T14_15_00.259628.jpg,OTHER,6091375,ec6360cc705a2ecdc7479181aa0d6a96
datasets/extracted/Set16/images/Test_0015_1_00_288_2023-06-08T14_17_11.499324.jpg,OTHER,6005749,b664d4d09a64f4a96724b4d7e23dfcbb
datasets/extracted/Set16/images/Test_0015_1_00_289_2023-06-08T14_19_22.096561.jpg,OTHER,5947125,b47b11541ba9f4a056a9d7bae4dafee7
datasets/extracted/Set16/images/Test_0015_1_00_290_2023-06-08T14_21_34.750504.jpg,OTHER,5995147,824827535cc7a7167c82ddff188353ec
datasets/extracted/Set16/images/Test_0015_1_00_291_2023-06-08T14_23_45.638971.jpg,OTHER,6031520,bbab28f26c6d41cc639ee3de1504fb04
datasets/extracted/Set16/images/Test_0015_1_00_292_2023-06-08T14_25_56.567793.jpg,OTHER,6098403,546716fbc769e441a9dadfe492180df1
datasets/extracted/Set16/images/Test_0015_1_00_293_2023-06-08T14_28_09.266763.jpg,OTHER,6092751,fe861e314b50e371d72f0c8efe98cf74
datasets/extracted/Set16/images/Test_0015_1_00_294_2023-06-08T14_30_20.396053.jpg,OTHER,5986624,72d93cdfae2b547aa80b7aef426a196c
datasets/extracted/Set16/images/Test_0015_1_00_295_2023-06-08T14_32_31.315922.jpg,OTHER,6025366,bf8feb9f310e1dadcfa6e72c172e5d9b
datasets/extracted/Set16/images/Test_0015_1_00_296_2023-06-08T14_34_42.552222.jpg,OTHER,6001569,a95b7be20458b6a7aa3c24957d78e541
datasets/extracted/Set16/images/Test_0015_1_00_297_2023-06-08T14_36_55.037858.jpg,OTHER,5983385,2984207ca9af2481eec8b851ac75bd1e
datasets/extracted/Set16/images/Test_0015_1_00_298_2023-06-08T14_39_06.104169.jpg,OTHER,5937256,308a9e53a86b5579b5e27aaa1309deef
datasets/extracted/Set16/images/Test_0015_1_00_299_2023-06-08T14_41_17.475912.jpg,OTHER,6027759,7c44f9ccbec9e1805270cb0225aacb9f
datasets/extracted/Set16/images/Test_0015_1_00_300_2023-06-08T14_43_28.923958.jpg,OTHER,6035260,4a584f44818bd8aab7321e3ebbad3f73
datasets/extracted/Set17/images/Test_0015_1_00_000_2023-07-03T10_48_12.931962.jpg,OTHER,5561827,a45a2390d6bd7833ab226012cdc11f11
datasets/extracted/Set17/images/Test_0015_1_00_001_2023-07-03T10_49_40.753974.jpg,OTHER,5521324,40dd43323659515aa0f5f85e2cc47a5a
datasets/extracted/Set17/images/Test_0015_1_00_002_2023-07-03T10_50_01.214549.jpg,OTHER,5638350,52a6418e50e08fb473c5db81e67454e0
datasets/extracted/Set17/images/Test_0015_1_00_003_2023-07-03T10_51_29.493289.jpg,OTHER,5515622,687ba5f94c95d36799978c83d75931df
datasets/extracted/Set17/images/Test_0015_1_00_004_2023-07-03T10_51_48.428762.jpg,OTHER,5645912,83e377f423dadd17bb62fd12d3d44c8d
datasets/extracted/Set17/images/Test_0015_1_00_005_2023-07-03T10_53_16.917772.jpg,OTHER,5506569,afd874dd758ed8d77f799fd8af415329
datasets/extracted/Set17/images/Test_0015_1_00_006_2023-07-03T10_53_35.823511.jpg,OTHER,5644054,627cb775bb0af1f717d0ca9b205587ec
datasets/extracted/Set17/images/Test_0015_1_00_007_2023-07-03T10_55_06.019179.jpg,OTHER,5515420,4163b587315a63d92c3db06a34454546
datasets/extracted/Set17/images/Test_0015_1_00_008_2023-07-03T10_55_24.860732.jpg,OTHER,5670642,f2ef0524b60cc5e6ed5cd00b4cc53094
datasets/extracted/Set17/images/Test_0015_1_00_009_2023-07-03T11_47_24.065028.jpg,OTHER,5697657,5f2ca23bb22425ee1c95ff249d5c0908
datasets/extracted/Set17/images/Test_0015_1_00_010_2023-07-03T11_48_51.743931.jpg,OTHER,5550648,71e6f67602f6b5902e5725343925e4b0
datasets/extracted/Set17/images/Test_0015_1_00_011_2023-07-03T11_49_10.659388.jpg,OTHER,5681301,a2523c3d8a72dbcf456abdf5076e31e6
datasets/extracted/Set17/images/Test_0015_1_00_012_2023-07-03T11_50_40.489070.jpg,OTHER,5551441,06126e6871e18fcac8f42191ee3259cc
datasets/extracted/Set17/images/Test_0015_1_00_013_2023-07-03T11_50_59.496508.jpg,OTHER,5675866,830920b089c5a238049fce7799ffbbff
datasets/extracted/Set17/images/Test_0015_1_00_014_2023-07-03T11_52_29.440246.jpg,OTHER,5551084,092a292601d91333093e1b56e3c7e5a2
datasets/extracted/Set17/images/Test_0015_1_00_015_2023-07-03T11_52_48.363196.jpg,OTHER,5675839,1511df4cf60835891263228ca54d3bc3
datasets/extracted/Set17/images/Test_0015_1_00_016_2023-07-03T11_54_18.181466.jpg,OTHER,5560618,f7d531b5f6c4793503ca705ba147ec93
datasets/extracted/Set17/images/Test_0015_1_00_017_2023-07-03T11_54_37.060998.jpg,OTHER,5680794,bf96b44b724abe1ea5980203207044ee
datasets/extracted/Set17/images/Test_0015_1_00_018_2023-07-03T11_56_05.379993.jpg,OTHER,5574046,3ed3f49f8d3c28b7fb20fa85c4aff4d6
datasets/extracted/Set17/images/Test_0015_1_00_019_2023-07-03T11_56_25.798710.jpg,OTHER,5673135,45372c90f6cb18281488643307eab1e8
datasets/extracted/Set17/images/Test_0015_1_00_020_2023-07-03T11_57_54.202965.jpg,OTHER,5533061,dfd50037fffc73f2da64df09f64be4a5
datasets/extracted/Set17/images/Test_0015_1_00_021_2023-07-03T11_58_13.121958.jpg,OTHER,5685568,e43a72fa90863095088c336f11ff7d99
datasets/extracted/Set17/images/Test_0015_1_00_022_2023-07-03T11_59_43.224153.jpg,OTHER,5553778,be011cfdd3562567dc4747017da99d83
datasets/extracted/Set17/images/Test_0015_1_00_023_2023-07-03T12_00_02.088637.jpg,OTHER,5670095,3548d1c0bbf721f157dfb0e8e5c5dfd4
datasets/extracted/Set17/images/Test_0015_1_00_024_2023-07-03T12_01_31.945885.jpg,OTHER,5540378,d6cbaadd81c8afa23c1513f4386f35de
datasets/extracted/Set17/images/Test_0015_1_00_025_2023-07-03T12_01_50.797406.jpg,OTHER,5673930,50868b75eb9027bc39f7fbc267d43c06
datasets/extracted/Set17/images/Test_0015_1_00_026_2023-07-03T12_03_19.170367.jpg,OTHER,5548337,fcb88483f6a0b22dc9c8d5f58999e217
datasets/extracted/Set17/images/Test_0015_1_00_027_2023-07-03T12_03_38.110319.jpg,OTHER,5680091,c41ae24bee3ad715ffb00f91678e9aa5
datasets/extracted/Set17/images/Test_0015_1_00_028_2023-07-03T12_05_08.083509.jpg,OTHER,5543198,10a54bc8891fabf979afd30a2483febe
datasets/extracted/Set17/images/Test_0015_1_00_029_2023-07-03T12_05_27.059984.jpg,OTHER,5671951,33a76ee0af2ff96d275d9a0afa6d0596
datasets/extracted/Set17/images/Test_0015_1_00_030_2023-07-03T12_06_57.015150.jpg,OTHER,5545828,180d2c1bd00f0e62c60989a9531789e7
datasets/extracted/Set17/images/Test_0015_1_00_031_2023-07-03T12_07_15.885683.jpg,OTHER,5657920,c5beb7fe78c7c63aa4930d878396ca8b
datasets/extracted/Set17/images/Test_0015_1_00_032_2023-07-03T12_08_44.444331.jpg,OTHER,5548499,d60dabbdbc175dd25d109a5b69f3a453
datasets/extracted/Set17/images/Test_0015_1_00_033_2023-07-03T12_09_03.509734.jpg,OTHER,5683144,388d150c2a514f3e4af164599cceaaab
datasets/extracted/Set17/images/Test_0015_1_00_034_2023-07-03T12_10_33.591362.jpg,OTHER,5545448,fcca7c0dca835235a676f7e0fc5e51b1
datasets/extracted/Set17/images/Test_0015_1_00_035_2023-07-03T12_10_52.506869.jpg,OTHER,5677730,92b7200d9bdde01b8c2479f7f941815a
datasets/extracted/Set17/images/Test_0015_1_00_036_2023-07-03T12_12_22.553934.jpg,OTHER,5546417,916af2183cbadaef0529853ab9deb529
datasets/extracted/Set17/images/Test_0015_1_00_037_2023-07-03T12_12_41.496370.jpg,OTHER,5666839,75c799af0ec08df46b7a4dc0b724a3d7
datasets/extracted/Set17/images/Test_0015_1_00_038_2023-07-03T12_14_11.281104.jpg,OTHER,5547226,4471f6354717bb7fba28bc1239250f4b
datasets/extracted/Set17/images/Test_0015_1_00_039_2023-07-03T12_14_30.140163.jpg,OTHER,5671041,e5968404b25b7936b5684e7a1ef5b9c3
datasets/extracted/Set17/images/Test_0015_1_00_040_2023-07-03T12_16_00.071856.jpg,OTHER,5549567,ee85601ac77cae443735c8fda62c51f7
datasets/extracted/Set17/images/Test_0015_1_00_041_2023-07-03T12_16_18.897376.jpg,OTHER,5651585,5bef6b3370783870476f60aa334263ec
datasets/extracted/Set17/images/Test_0015_1_00_042_2023-07-03T12_17_47.688642.jpg,OTHER,5536107,ce2bf352823453b7d484ab52aac90ca8
datasets/extracted/Set17/images/Test_0015_1_00_043_2023-07-03T12_18_06.957563.jpg,OTHER,5668637,ba0e7e286e4427f5bbbea2019e85030a
datasets/extracted/Set17/images/Test_0015_1_00_044_2023-07-03T12_19_37.480143.jpg,OTHER,5554591,a0661373312941a630f8c8c85b5e914b
datasets/extracted/Set17/images/Test_0015_1_00_045_2023-07-03T12_19_56.481065.jpg,OTHER,5680747,47b2bf7e2db7784d41646058004d1e5d
datasets/extracted/Set17/images/Test_0015_1_00_046_2023-07-03T13_03_25.875290.jpg,OTHER,5669228,693322015e9a3f8ea3b67500885da460
datasets/extracted/Set17/images/Test_0015_1_00_047_2023-07-03T13_04_55.466627.jpg,OTHER,5557235,c73b98c027fadc8f16ff1e8d6d5ce757
datasets/extracted/Set17/images/Test_0015_1_00_048_2023-07-03T13_05_14.356100.jpg,OTHER,5673797,2e53b2c886662399ddf78d655ccd2dc5
datasets/extracted/Set17/images/Test_0015_1_00_049_2023-07-03T13_06_44.183342.jpg,OTHER,5576525,05bc06f021fbbe844ebc0864e7050664
datasets/extracted/Set17/images/Test_0015_1_00_050_2023-07-03T13_07_03.099773.jpg,OTHER,5688808,dfadfb3c60b8cbf60daf345c1d5f4c38
datasets/extracted/Set17/images/Test_0015_1_00_051_2023-07-03T13_08_32.958922.jpg,OTHER,5572286,e6dd343ed19fd51b01729d4e20737b7c
datasets/extracted/Set17/images/Test_0015_1_00_052_2023-07-03T13_08_51.845442.jpg,OTHER,5691957,218a381cc04554d40687278f7b3498ac
datasets/extracted/Set17/images/Test_0015_1_00_053_2023-07-03T13_10_21.789635.jpg,OTHER,5566753,ffc16d7529fe88db1b3d0bd5d9322107
datasets/extracted/Set17/images/Test_0015_1_00_054_2023-07-03T13_10_40.700677.jpg,OTHER,5688310,405ecff7677691af986fce75dba36cff
datasets/extracted/Set17/images/Test_0015_1_00_055_2023-07-03T13_12_10.585839.jpg,OTHER,5575976,df6d876eee3104182d49e174f2e1852b
datasets/extracted/Set17/images/Test_0015_1_00_056_2023-07-03T13_12_29.464349.jpg,OTHER,5686644,bad0bc26c7031c0f7d1d1786737670eb
datasets/extracted/Set17/images/Test_0015_1_00_057_2023-07-03T13_13_59.239622.jpg,OTHER,5572518,f1bb9873a034f952deb6e3a738f4b92a
datasets/extracted/Set17/images/Test_0015_1_00_058_2023-07-03T13_14_18.119547.jpg,OTHER,5701193,22fa968fe823b1dd64a281e2049b23a3
datasets/extracted/Set17/images/Test_0015_1_00_059_2023-07-03T13_15_48.140151.jpg,OTHER,5565035,6a53e0e6fa1027b08dac1c0f213c8b9b
datasets/extracted/Set17/images/Test_0015_1_00_060_2023-07-03T13_16_07.013678.jpg,OTHER,5683426,0825ed316badeb5b72656cbedd89e998
datasets/extracted/Set17/images/Test_0015_1_00_061_2023-07-03T13_17_36.792012.jpg,OTHER,5569474,d676b8c1a71a84ea1ecd73d19492edb5
datasets/extracted/Set17/images/Test_0015_1_00_062_2023-07-03T13_17_55.648028.jpg,OTHER,5697536,ec46034fe727bfce2f22aa86ea5326b9
datasets/extracted/Set17/images/Test_0015_1_00_063_2023-07-03T13_19_25.463527.jpg,OTHER,5570164,8b18b6f04cf66371b095840ff428bc10
datasets/extracted/Set17/images/Test_0015_1_00_064_2023-07-03T13_19_44.367532.jpg,OTHER,5691666,c7848c7b65f34130cf288d9831b5f43e
datasets/extracted/Set17/images/Test_0015_1_00_065_2023-07-03T13_21_14.276647.jpg,OTHER,5576063,78d45a179ba919e32b80d8267fc0e5c4
datasets/extracted/Set17/images/Test_0015_1_00_066_2023-07-03T13_21_33.085209.jpg,OTHER,5695990,e8207d87a53c827a9a5c9e15a4dd01a2
datasets/extracted/Set17/images/Test_0015_1_00_067_2023-07-03T13_23_03.010920.jpg,OTHER,5572130,640f9509bc776f7ba6ca7e63916fba5d
datasets/extracted/Set17/images/Test_0015_1_00_068_2023-07-03T13_23_21.842539.jpg,OTHER,5707565,e2efa2263f225fc675a6ddbc80375ea8
datasets/extracted/Set17/images/Test_0015_1_00_069_2023-07-03T13_24_51.780262.jpg,OTHER,5569910,a88ca4761dee4c9e6206716c5ba2ff2e
datasets/extracted/Set17/images/Test_0015_1_00_070_2023-07-03T13_25_10.598806.jpg,OTHER,5703353,71b23169a7a65c24384c67a9a849aa64
datasets/extracted/Set17/images/Test_0015_1_00_071_2023-07-03T13_26_40.572441.jpg,OTHER,5578918,d74786cba039e8eb02a873f26c5727a9
datasets/extracted/Set17/images/Test_0015_1_00_072_2023-07-03T13_26_59.474421.jpg,OTHER,5710099,c2ade4b8f9a974814827804e37e0543b
datasets/extracted/Set17/images/Test_0015_1_00_073_2023-07-03T13_28_29.341841.jpg,OTHER,5579235,3783eff43f142c77491b3a0d79302aac
datasets/extracted/Set17/images/Test_0015_1_00_074_2023-07-03T13_28_48.241827.jpg,OTHER,5703122,dc7af3cdd0fde25538045da554d924fc
datasets/extracted/Set17/images/Test_0015_1_00_075_2023-07-03T13_30_18.258942.jpg,OTHER,5585700,ef76c7cb3850652811642ac4b34ade9e
datasets/extracted/Set17/images/Test_0015_1_00_076_2023-07-03T13_30_37.177446.jpg,OTHER,5697190,830cee9b9120062c35bdeb9fdde27f8f
datasets/extracted/Set17/images/Test_0015_1_00_077_2023-07-03T13_32_07.309639.jpg,OTHER,5596952,239f8a9a7574d89e0772c15cc0ca7911
datasets/extracted/Set17/images/Test_0015_1_00_078_2023-07-03T13_32_26.160666.jpg,OTHER,5696960,2f1c58c737afd117b6540807d2d63ccf
datasets/extracted/Set17/images/Test_0015_1_00_079_2023-07-03T13_33_56.134796.jpg,OTHER,5569617,69148c3fa5533a48563c474eeaa5ae08
datasets/extracted/Set17/images/Test_0015_1_00_080_2023-07-03T13_34_14.994807.jpg,OTHER,5709962,50f69db8a7a90ff568215e85db0ec5ef
datasets/extracted/Set17/images/Test_0015_1_00_081_2023-07-03T13_35_44.825024.jpg,OTHER,5584916,883de78beee9a1aa5648987e80cda7d4
datasets/extracted/Set17/images/Test_0015_1_00_082_2023-07-03T13_36_03.724541.jpg,OTHER,5695675,edc72e475de9585176782a7c078f9aa3
datasets/extracted/Set17/images/Test_0015_1_00_083_2023-07-03T13_37_33.694339.jpg,OTHER,5577669,4ec7437685c196317510288318746675
datasets/extracted/Set17/images/Test_0015_1_00_084_2023-07-03T13_37_52.499682.jpg,OTHER,5710523,43ca0364abd20c503ec52d2392d7923b
datasets/extracted/Set17/images/Test_0015_1_00_085_2023-07-03T13_39_22.554934.jpg,OTHER,5582877,6d55b03247bcdc7d3372100c18970240
datasets/extracted/Set17/images/Test_0015_1_00_086_2023-07-03T13_39_41.453968.jpg,OTHER,5706789,8b81241ba59761c25908df0ab72558e3
datasets/extracted/Set17/images/Test_0015_1_00_087_2023-07-03T13_41_11.543576.jpg,OTHER,5572067,9dd469203ffc91db13f5b9d31f31d368
datasets/extracted/Set17/images/Test_0015_1_00_088_2023-07-03T13_41_30.480570.jpg,OTHER,5696010,fbe26f246b1e67bd2911889bc4cc450d
datasets/extracted/Set17/images/Test_0015_1_00_089_2023-07-03T13_43_00.508133.jpg,OTHER,5584184,f4427a3cd1e11b3b84b0c478da8291bb
datasets/extracted/Set17/images/Test_0015_1_00_090_2023-07-03T13_43_19.507587.jpg,OTHER,5692830,ab523049d1203445453f8f8030bef50f
datasets/extracted/Set17/images/Test_0015_1_00_091_2023-07-03T13_44_49.603677.jpg,OTHER,5583687,f1fdd02bcf921f82cb53b6cd37b24f33
datasets/extracted/Set17/images/Test_0015_1_00_092_2023-07-03T13_45_08.506687.jpg,OTHER,5696611,eef10655ad6987a1339186f7909d25d5
datasets/extracted/Set17/images/Test_0015_1_00_093_2023-07-03T13_46_38.688681.jpg,OTHER,5579912,257f312378df1b5c853b37c06820e49f
datasets/extracted/Set17/images/Test_0015_1_00_094_2023-07-03T13_46_57.541729.jpg,OTHER,5700572,e662b7e1be930d804e589c2a62dbff16
datasets/extracted/Set17/images/Test_0015_1_00_095_2023-07-03T13_48_27.747143.jpg,OTHER,5594945,ff434ba94c9bd71a32ade392ec405cbe
datasets/extracted/Set17/images/Test_0015_1_00_096_2023-07-03T13_48_46.580622.jpg,OTHER,5699607,c5015511de9f11e41b1f79f349bd216c
datasets/extracted/Set17/images/Test_0015_1_00_097_2023-07-03T13_50_16.568301.jpg,OTHER,5583725,25023dc32fb5ad16916603f583c5ad3a
datasets/extracted/Set17/images/Test_0015_1_00_098_2023-07-03T13_50_35.502782.jpg,OTHER,5703637,e5848a9b3ad1c9a79a8247f199247e2d
datasets/extracted/Set17/images/Test_0015_1_00_099_2023-07-03T13_52_05.523480.jpg,OTHER,5598982,29d61c7d6411a12656227b53236b3b09
datasets/extracted/Set17/images/Test_0015_1_00_100_2023-07-03T13_52_24.422990.jpg,OTHER,5714623,b760b9fe9548dec8048a73a2259fde24
datasets/extracted/Set17/images/Test_0015_1_00_101_2023-07-03T13_53_54.386619.jpg,OTHER,5597533,f608cf2a2dde12df8164a6efcf145562
datasets/extracted/Set17/images/Test_0015_1_00_102_2023-07-03T13_54_13.341553.jpg,OTHER,5716958,c946deaad37db69e715cc464e03b5e53
datasets/extracted/Set17/images/Test_0015_1_00_103_2023-07-03T13_55_43.478178.jpg,OTHER,5602222,67475cdb4fbe82f14fbdbf6aefda249d
datasets/extracted/Set17/images/Test_0015_1_00_104_2023-07-03T13_56_02.363154.jpg,OTHER,5673296,ca65fcc68903806a304d17dba51c303e
datasets/extracted/Set17/images/Test_0015_1_00_105_2023-07-03T13_57_32.433223.jpg,OTHER,5592728,9ad2f412e20d517e1a5f9488c9b21eb7
datasets/extracted/Set17/images/Test_0015_1_00_106_2023-07-03T13_57_51.337205.jpg,OTHER,5720477,0f4eb1501238833233f2d7e35f955606
datasets/extracted/Set17/images/Test_0015_1_00_107_2023-07-03T13_59_21.598162.jpg,OTHER,5620196,5d5e539cf76d226bbc2a11de8007d0a7
datasets/extracted/Set17/images/Test_0015_1_00_108_2023-07-03T13_59_40.606601.jpg,OTHER,5725947,6ee8f1f2813e02747c72d72796af6c84
datasets/extracted/Set17/images/Test_0015_1_00_109_2023-07-03T14_01_10.704726.jpg,OTHER,5598183,9e21de254c88205dadfae9516a2acf73
datasets/extracted/Set17/images/Test_0015_1_00_110_2023-07-03T14_01_29.668171.jpg,OTHER,5725116,e8cf15342b174702b74159a510f656ec
datasets/extracted/Set17/images/Test_0015_1_00_111_2023-07-03T14_02_59.685858.jpg,OTHER,5601764,8020661c8534dcac03b5ef2ff8f48a9a
datasets/extracted/Set17/images/Test_0015_1_00_112_2023-07-03T14_03_18.684301.jpg,OTHER,5718129,3b9c125968b602b60f51552ef2ab9eb4
datasets/extracted/Set17/images/Test_0015_1_00_113_2023-07-03T14_04_48.878361.jpg,OTHER,5621583,ec0d0ec93da2dcb3049e718e85147f77
datasets/extracted/Set17/images/Test_0015_1_00_114_2023-07-03T14_05_07.816339.jpg,OTHER,5720541,6d8efb8414b89f006ca54ac52ae7d685
datasets/extracted/Set17/images/Test_0015_1_00_115_2023-07-03T14_06_37.941907.jpg,OTHER,5596191,11456ae8f43c57fe7adff4a8b7c577b1
datasets/extracted/Set17/images/Test_0015_1_00_116_2023-07-03T14_06_56.881357.jpg,OTHER,5720895,76066cfbe51a2a8329367e6c219e6a2f
datasets/extracted/Set17/images/Test_0015_1_00_117_2023-07-03T14_08_28.438109.jpg,OTHER,5606792,8898cd4c11c5fa5069ea602c5589a7be
datasets/extracted/Set17/images/Test_0015_1_00_118_2023-07-03T14_08_47.264077.jpg,OTHER,5715526,0a5686e65380781225fd686c7f64e05e
datasets/extracted/Set17/images/Test_0015_1_00_119_2023-07-03T14_10_17.072728.jpg,OTHER,5596218,4a926b0b82298b13e2a52dd7e6f8c610
datasets/extracted/Set17/images/Test_0015_1_00_120_2023-07-03T14_10_36.012740.jpg,OTHER,5716029,a99040e71af2e5bd1b0314fe8564f126
datasets/extracted/Set17/images/Test_0015_1_00_121_2023-07-03T14_12_06.108839.jpg,OTHER,5593753,ccf1905cb92bf47b752812ff372f04fd
datasets/extracted/Set17/images/Test_0015_1_00_122_2023-07-03T14_12_25.086246.jpg,OTHER,5708444,68b002faa97471ecc6925c29a12937d3
datasets/extracted/Set17/images/Test_0015_1_00_123_2023-07-03T14_13_55.162870.jpg,OTHER,5589807,43d6d555f03c7a24465796344bc2cac9
datasets/extracted/Set17/images/Test_0015_1_00_124_2023-07-03T14_14_14.134301.jpg,OTHER,5699175,47d0e781cf52666fec04154ecfa45d5f
datasets/extracted/Set17/images/Test_0015_1_00_125_2023-07-03T14_15_44.378810.jpg,OTHER,5582539,fe8d66943f5507f6516e097ba165c009
datasets/extracted/Set17/images/Test_0015_1_00_126_2023-07-03T14_16_03.348259.jpg,OTHER,5697622,22e75e548de54e7f7df4ecfe500ab873
datasets/extracted/Set17/images/Test_0015_1_00_127_2023-07-03T14_17_34.605693.jpg,OTHER,5571714,b01620e157e24656e4eab163ea1a78b5
datasets/extracted/Set17/images/Test_0015_1_00_128_2023-07-03T14_17_53.488683.jpg,OTHER,5693628,b25258eaf5db5bfe9d4a5ed6d8843ed6
datasets/extracted/Set17/images/Test_0015_1_00_129_2023-07-03T14_19_23.378881.jpg,OTHER,5575142,73782a355337b658a36a735e4aa3d590
datasets/extracted/Set17/images/Test_0015_1_00_130_2023-07-03T14_19_42.242366.jpg,OTHER,5680966,6b7119130a1b4653c62ab64928d1af62
datasets/extracted/Set17/images/Test_0015_1_00_131_2023-07-03T14_21_12.401469.jpg,OTHER,5568670,c26abf684b6d59e154116e11f38d6247
datasets/extracted/Set17/images/Test_0015_1_00_132_2023-07-03T14_21_31.293003.jpg,OTHER,5681020,1a463170ad35d6ee51acdc3bc6d7f825
datasets/extracted/Set17/images/Test_0015_1_00_133_2023-07-03T14_23_02.696886.jpg,OTHER,5566047,74a6dca0f8c19a8235303ad73965240f
datasets/extracted/Set17/images/Test_0015_1_00_134_2023-07-03T14_23_21.469934.jpg,OTHER,5672698,3029f20e073f0626d3fd0ee40911bb1d
datasets/extracted/Set17/images/Test_0015_1_00_135_2023-07-03T14_24_51.462018.jpg,OTHER,5563401,a06fc4c83c304cd5415fdefc4c71ace4
datasets/extracted/Set17/images/Test_0015_1_00_136_2023-07-03T14_25_10.355519.jpg,OTHER,5672236,dcb1c82c7403389c8a7b8987451a0684
datasets/extracted/Set17/images/Test_0015_1_00_137_2023-07-03T14_26_41.843300.jpg,OTHER,5589362,2f440bd7a342926d5edec3f0f91deff1
datasets/extracted/Set17/images/Test_0015_1_00_138_2023-07-03T14_27_00.708324.jpg,OTHER,5674807,be2647182339558c638175fb9cbbd170
datasets/extracted/Set17/images/Test_0015_1_00_139_2023-07-03T14_28_30.507694.jpg,OTHER,5570104,315ad6cf42d2bef49d5b7de085c59adf
datasets/extracted/Set17/images/Test_0015_1_00_140_2023-07-03T14_28_49.506653.jpg,OTHER,5679690,5a6e37a0dfbea93586d3f6554a4d1dbf
datasets/extracted/Set17/images/Test_0015_1_00_141_2023-07-03T14_30_19.686191.jpg,OTHER,5569250,237097f48a102969e6db9ef360086a98
datasets/extracted/Set17/images/Test_0015_1_00_142_2023-07-03T14_30_38.585121.jpg,OTHER,5675091,0816aa1bf73959e983da99daacc55ec1
datasets/extracted/Set17/images/Test_0015_1_00_143_2023-07-03T14_32_10.031481.jpg,OTHER,5563115,14f874290ef3e0e78ca2726a327df73f
datasets/extracted/Set17/images/Test_0015_1_00_144_2023-07-03T14_32_29.118373.jpg,OTHER,5677626,8ddc8e62cb60453c192e3976ef1d6c30
datasets/extracted/Set17/images/Test_0015_1_00_145_2023-07-03T14_33_59.399405.jpg,OTHER,5554219,660195e064b378a84ef6e747ee18404b
datasets/extracted/Set17/images/Test_0015_1_00_146_2023-07-03T14_34_18.507821.jpg,OTHER,5675342,b9d3ac74906f43f108d43869bf63f9dd
datasets/extracted/Set2/images/Test_0015_1_03_012_2022-11-23T10_15_59.132406.jpg,OTHER,5290380,48dbe4b37da9d0615a12a2aa5dcfeb37
datasets/extracted/Set2/images/Test_0015_1_03_013_2022-11-24T09_44_33.665950.jpg,OTHER,5285158,a0f7a26ca0b39f459c28f400f3477041
datasets/extracted/Set2/images/Test_0015_1_03_014_2022-11-24T09_46_27.358361.jpg,OTHER,5312930,56eaef8aeaee468096f7e0e2172a5b6b
datasets/extracted/Set2/images/Test_0015_1_03_015_2022-11-24T09_48_19.808935.jpg,OTHER,5315015,faa9c2430e0bf21a8112664d8e5cf998
datasets/extracted/Set2/images/Test_0015_1_03_016_2022-11-24T10_02_16.268503.jpg,OTHER,5362746,ab3ae6539f27b58bd9663627ba35325c
datasets/extracted/Set2/images/Test_0015_1_03_017_2022-11-24T10_11_09.048270.jpg,OTHER,5212355,b5e0561722689b18ceb33ae575a33724
datasets/extracted/Set2/images/Test_0015_1_03_018_2022-11-24T10_13_20.518732.jpg,OTHER,5230147,db6838a9fd5d45095543a6c4c4910b19
datasets/extracted/Set2/images/Test_0015_1_03_019_2022-11-24T10_24_42.670759.jpg,OTHER,5234356,de907eb12361c0872ee5eb10040e517e
datasets/extracted/Set2/images/Test_0015_1_03_020_2022-11-24T10_26_44.274128.jpg,OTHER,5230490,cfa301993db79f246153fd76877c83c2
datasets/extracted/Set2/images/Test_0015_1_03_021_2022-11-24T10_28_39.982396.jpg,OTHER,5254208,9b1ef34eeb5c6c4f6f09ae50670acd08
datasets/extracted/Set2/images/Test_0015_1_03_022_2022-11-24T10_30_34.449662.jpg,OTHER,5257826,85c81c64c622abacf92695dff4c27494
datasets/extracted/Set2/images/Test_0015_1_03_023_2022-11-24T10_32_28.348335.jpg,OTHER,5228511,6e60d0e72d843e858e581d4c2578bd7c
datasets/extracted/Set2/images/Test_0015_1_03_024_2022-11-24T10_34_21.254063.jpg,OTHER,5228033,a83bf3c994c9110d1594b4a00f1e7b85
datasets/extracted/Set2/images/Test_0015_1_03_025_2022-11-24T10_36_21.111191.jpg,OTHER,5240383,c57a660a1af0a94fb9ae9ab4a0497d24
datasets/extracted/Set2/images/Test_0015_1_03_026_2022-11-24T10_38_22.591091.jpg,OTHER,5241478,212730d0504cd8424278f824f69e646b
datasets/extracted/Set2/images/Test_0015_1_03_027_2022-11-24T10_40_15.436845.jpg,OTHER,5249831,7172555c27d72ff4b920f8f378d603e4
datasets/extracted/Set2/images/Test_0015_1_03_028_2022-11-24T10_42_14.013679.jpg,OTHER,5255822,5947aecf6a63c5c1ef6af12ecdfd06c8
datasets/extracted/Set2/images/Test_0015_1_03_029_2022-11-24T10_44_31.174569.jpg,OTHER,5244461,e29ef777b0abd4f2605d8f037656a87c
datasets/extracted/Set2/images/Test_0015_1_03_030_2022-11-24T10_46_29.564050.jpg,OTHER,5260476,c0f301c7456b68b54705986c64ee665e
datasets/extracted/Set2/images/Test_0015_1_03_031_2022-11-24T10_50_31.229076.jpg,OTHER,5263696,8e0ce65106580e49b545bb1a39feb3a8
datasets/extracted/Set2/images/Test_0015_1_03_032_2022-11-24T10_52_29.807699.jpg,OTHER,5268679,ff70b810ac78593ea0b25b319b9941a9
datasets/extracted/Set2/images/Test_0015_1_03_033_2022-11-24T10_55_02.117700.jpg,OTHER,5259412,0b670f5c64e69f9c8dac3afd87d8f25f
datasets/extracted/Set2/images/Test_0015_1_03_034_2022-11-24T10_57_07.770448.jpg,OTHER,5292879,b9fe4a28c9b8b45191672da82423ee92
datasets/extracted/Set2/images/Test_0015_1_03_035_2022-11-24T10_59_01.358046.jpg,OTHER,5273624,edd23adc732a14a72a78481dbbc430f1
datasets/extracted/Set2/images/Test_0015_1_03_036_2022-11-24T11_00_58.288227.jpg,OTHER,5281834,40426a88eddb9d169e269c040e48f718
datasets/extracted/Set2/images/Test_0015_1_03_037_2022-11-24T11_03_08.350362.jpg,OTHER,5284905,ca1f80fd5c8fc37bf4f6a4631c4b183f
datasets/extracted/Set2/images/Test_0015_1_03_038_2022-11-24T11_05_06.338550.jpg,OTHER,5290753,10e41972911780d20947a1203387a57e
datasets/extracted/Set2/images/Test_0015_1_03_039_2022-11-24T11_07_07.848431.jpg,OTHER,5300576,48d490b47c10b29c889b41e8fc836ad6
datasets/extracted/Set2/images/Test_0015_1_03_040_2022-11-24T11_09_17.200518.jpg,OTHER,5281027,d9c4c63228070063b48f9e3a0573b503
datasets/extracted/Set2/images/Test_0015_1_03_041_2022-11-24T11_18_54.296267.jpg,OTHER,5293699,319d71810168ef862d3b7308e3777041
datasets/extracted/Set2/images/Test_0015_1_03_042_2022-11-24T11_23_20.414156.jpg,OTHER,5300181,d00aab8be8d58fcff1f199a00e2bef21
datasets/extracted/Set2/images/Test_0015_1_03_043_2022-11-24T11_25_16.000630.jpg,OTHER,5301564,c908f110682e7e21fc4a2df3534e3799
datasets/extracted/Set2/images/Test_0015_1_03_044_2022-11-24T11_27_22.501181.jpg,OTHER,5306805,8265ad5cb135c2159f9464525a36e59b
datasets/extracted/Set2/images/Test_0015_1_03_045_2022-11-24T11_29_31.959931.jpg,OTHER,5296757,c90b973f1429d80272f10b0a8e4ae305
datasets/extracted/Set2/images/Test_0015_1_03_046_2022-11-24T11_32_40.553341.jpg,OTHER,5302559,2527c13ce60a1a5c76f328bd972943c3
datasets/extracted/Set2/images/Test_0015_1_03_047_2022-11-24T11_34_52.243608.jpg,OTHER,5287549,ed73fca3b055d1b4c5e02db18acb3409
datasets/extracted/Set2/images/Test_0015_1_03_048_2022-11-24T11_36_48.214351.jpg,OTHER,5294345,24ec333881d716123129895c96242628
datasets/extracted/Set2/images/Test_0015_1_03_049_2022-11-24T11_36_51.316173.jpg,OTHER,7073148,712af2ac0112f56ff5a98af06e1eff17
datasets/extracted/Set2/images/Test_0015_1_03_050_2022-11-24T11_38_52.912506.jpg,OTHER,5298388,07b7111be9e7004f14578540efd59165
datasets/extracted/Set2/images/Test_0015_1_03_051_2022-11-24T11_40_47.696324.jpg,OTHER,5311614,821d473a6154b5b461e8642646eb0b25
datasets/extracted/Set2/images/Test_0015_1_03_052_2022-11-24T11_43_59.011609.jpg,OTHER,5294604,81a49b6354c6ba81018ae81afb08f5bd
datasets/extracted/Set2/images/Test_0015_1_03_053_2022-11-24T11_45_53.068968.jpg,OTHER,5309810,ac7b2a6683cd2681d8677656c57d3c9e
datasets/extracted/Set2/images/Test_0015_1_03_054_2022-11-24T11_48_27.648130.jpg,OTHER,5299880,65c36f9782d0bd9a809cc3d1c2e19e69
datasets/extracted/Set2/images/Test_0015_1_03_055_2022-11-24T11_50_20.286957.jpg,OTHER,5286637,85edad5e98869b9c7b726b8fb2050cd8
datasets/extracted/Set2/images/Test_0015_1_03_056_2022-11-24T11_52_12.462829.jpg,OTHER,5307788,33d51bbe031288e077ca340dc2499cea
datasets/extracted/Set2/images/Test_0015_1_03_057_2022-11-24T11_54_06.694355.jpg,OTHER,5294138,5c9aff39dd84878676d8baedf3f5fddd
datasets/extracted/Set2/images/Test_0015_1_03_058_2022-11-24T11_56_04.385231.jpg,OTHER,5322125,a5e0c20b1e6178cd5744bf9c1dbee13e
datasets/extracted/Set2/images/Test_0015_1_03_059_2022-11-24T11_58_02.930127.jpg,OTHER,5305533,dea8fb2674b671391c1360a17098c0ff
datasets/extracted/Set2/images/Test_0015_1_03_060_2022-11-24T13_36_43.169318.jpg,OTHER,5281529,fbc165c57598e28fd2bc93b667757c32
datasets/extracted/Set2/images/Test_0015_1_03_061_2022-11-24T13_39_02.161536.jpg,OTHER,5298878,527d83ec346def7617b25467b79e2589
datasets/extracted/Set2/images/Test_0015_1_03_062_2022-11-24T13_41_05.424207.jpg,OTHER,5319202,1fc18a8483f23293d2e0bb3ef6943d7d
datasets/extracted/Set2/images/Test_0015_1_03_063_2022-11-24T13_43_04.616432.jpg,OTHER,5310674,6a3dd251ffd90220a6bafc4e5642e555
datasets/extracted/Set2/images/Test_0015_1_03_064_2022-11-24T13_45_04.065194.jpg,OTHER,5339713,572587d005435401fc575ccd27f04c0b
datasets/extracted/Set2/images/Test_0015_1_03_065_2022-11-24T13_46_58.216053.jpg,OTHER,5338335,93996340d5c742d4e0d4e011b7a62ac6
datasets/extracted/Set2/images/Test_0015_1_03_066_2022-11-24T13_49_16.892253.jpg,OTHER,5344831,0e4ac6e1f6a09ca2ec73d0b0ccd1d550
datasets/extracted/Set2/images/Test_0015_1_03_067_2022-11-24T13_52_05.312119.jpg,OTHER,5348227,806c9cdbf938af6ccdc5c3e3d34c691c
datasets/extracted/Set2/images/Test_0015_1_03_068_2022-11-24T13_54_23.771386.jpg,OTHER,5363058,8eb738b99e25780bf00cc96f31949691
datasets/extracted/Set2/images/Test_0015_1_03_069_2022-11-24T13_56_15.396492.jpg,OTHER,5366739,09cef9be2550a3861cb5efe5c584d56f
datasets/extracted/Set2/images/Test_0015_1_03_070_2022-11-24T13_58_27.384003.jpg,OTHER,5357038,e4753fe918a578e671d296aee9a90519
datasets/extracted/Set2/images/Test_0015_1_03_071_2022-11-24T14_00_39.660494.jpg,OTHER,5398019,729e5b09d93879a15b71a8a67998ccf3
datasets/extracted/Set2/images/Test_0015_1_03_072_2022-11-24T14_06_38.682237.jpg,OTHER,5388880,8f823fd449092efad322a311f5e7fe4b
datasets/extracted/Set2/images/Test_0015_1_03_073_2022-11-24T14_08_34.677885.jpg,OTHER,5400503,e6d646e8c8b696472166c91dbdcd9ee2
datasets/extracted/Set2/images/Test_0015_1_03_074_2022-11-24T14_10_32.469270.jpg,OTHER,5404362,4132ad1fb356c9bc751703b8c40edc9f
datasets/extracted/Set2/images/Test_0015_1_03_075_2022-11-24T14_12_29.692418.jpg,OTHER,5398094,d7c150dc74b91b1048d45ab7ed849872
datasets/extracted/Set2/images/Test_0015_1_03_076_2022-11-24T14_14_33.169821.jpg,OTHER,5415465,26103881b036eb80c8db0731ddebc338
datasets/extracted/Set2/images/Test_0015_1_03_077_2022-11-24T14_16_44.513290.jpg,OTHER,5420172,f657418a79061be84846799514a8f45e
datasets/extracted/Set2/images/Test_0015_1_03_078_2022-11-24T14_18_36.547349.jpg,OTHER,5415943,f6854e13737ec29af7580074132ef3fa
datasets/extracted/Set2/images/Test_0015_1_03_079_2022-11-24T14_20_47.971661.jpg,OTHER,5419581,a9d76a004d9654d633be50356cfa2bc1
datasets/extracted/Set2/images/Test_0015_1_03_080_2022-11-24T14_22_51.401015.jpg,OTHER,5409218,f67acf57c57c4cc54c07170a26b5c9e8
datasets/extracted/Set2/images/Test_0015_1_03_081_2022-11-24T14_24_57.464018.jpg,OTHER,5410548,6581e41f4ea346be8a1156438669163d
datasets/extracted/Set2/images/Test_0015_1_03_082_2022-11-24T14_26_52.082666.jpg,OTHER,5398696,c1c9740a1b12541171367c637a315b53
datasets/extracted/Set2/images/Test_0015_1_03_083_2022-11-24T14_56_41.310158.jpg,OTHER,5400724,4c9b836e975589c1848c68c640a6f9f4
datasets/extracted/Set2/images/Test_0015_1_03_084_2022-11-24T14_58_37.574612.jpg,OTHER,5420812,f8f9649c83534d1ea7572091ee595da0
datasets/extracted/Set2/images/Test_0015_1_03_085_2022-11-24T15_00_36.975103.jpg,OTHER,5441956,60e5c79e6f6653120c44fac051651b00
datasets/extracted/Set2/images/Test_0015_1_03_086_2022-11-24T15_02_29.077573.jpg,OTHER,5414587,b76663061e62c96fd4bc1624a4733f25
datasets/extracted/Set2/images/Test_0015_1_03_087_2022-11-24T15_04_39.095123.jpg,OTHER,5429547,71cb80d97364e0b7c7fb4620e5df5d6f
datasets/extracted/Set2/images/Test_0015_1_03_088_2022-11-24T15_06_45.462573.jpg,OTHER,5424610,b0704b4a429f555e71d49812bc9f5304
datasets/extracted/Set2/images/Test_0015_1_03_089_2022-11-24T15_08_45.070658.jpg,OTHER,5424444,142ee71fc7e1f07de8a9cec379d92bd0
datasets/extracted/Set2/images/Test_0015_1_03_090_2022-11-24T15_10_42.872777.jpg,OTHER,5423155,2cf7c639fbbbb22410959180157fdece
datasets/extracted/Set2/images/Test_0015_1_03_091_2022-11-24T15_17_08.226374.jpg,OTHER,5414822,21c6ebbc010b9f63b30876b9dfcc4123
datasets/extracted/Set2/images/Test_0015_1_03_092_2022-11-24T15_19_07.113145.jpg,OTHER,5419241,382cb3469b8c2ee8db1a591bd2bdf3a4
datasets/extracted/Set2/images/Test_0015_1_03_093_2022-11-24T15_25_00.184139.jpg,OTHER,5435337,31d8710f7e7da657aed955bd86a14ba5
datasets/extracted/Set2/images/Test_0015_1_03_094_2022-11-24T15_49_51.365151.jpg,OTHER,5437080,c5bf7e0868e7506b79eaf1a696a531cb
datasets/extracted/Set2/images/Test_0015_1_03_095_2022-11-24T15_52_37.049359.jpg,OTHER,5433937,aef4e4beeba7cbfdc4c50b4a52338c2d
datasets/extracted/Set2/images/Test_0015_1_03_096_2022-11-24T15_54_30.689127.jpg,OTHER,5423680,3caca466b32c0443a558744725245b3e
datasets/extracted/Set2/images/Test_0015_1_03_097_2022-11-24T15_57_09.068033.jpg,OTHER,5427089,fa3b1202eb4d68ff76f0ad0a67cd0173
datasets/extracted/Set2/images/Test_0015_1_03_098_2022-11-24T15_59_25.811345.jpg,OTHER,5429341,0b499303c81c61e4de691282f79f0095
datasets/extracted/Set2/images/Test_0015_1_03_099_2022-11-24T16_02_18.251432.jpg,OTHER,5436907,1ca5fb31978f5631416eed3f1385e16e
datasets/extracted/Set2/images/Test_0015_1_03_100_2022-11-24T16_04_28.246733.jpg,OTHER,5399791,48d17bd62178d34fb9c80f638be04b8d
datasets/extracted/Set2/images/Test_0015_1_03_101_2022-11-24T16_06_46.250878.jpg,OTHER,5425180,25b03b1dadd5329bb188d4933161c481
datasets/extracted/Set2/images/Test_0015_1_03_102_2022-11-24T16_08_36.197616.jpg,OTHER,5441398,6c4404e47d40538871b50c95395fce79
datasets/extracted/Set2/images/Test_0015_1_03_103_2022-11-24T16_11_54.501446.jpg,OTHER,5449728,53485c18a2caf088156ea2d4e39f3b53
datasets/extracted/Set2/images/Test_0015_1_03_104_2022-11-24T16_17_56.085867.jpg,OTHER,5453024,2c17c64572238a22e60571bf7535ffaa
datasets/extracted/Set2/images/Test_0015_1_03_105_2022-11-25T09_02_04.139544.jpg,OTHER,5459448,632a4f35e8c52cc726720342a6496902
datasets/extracted/Set2/images/Test_0015_1_03_106_2022-11-25T09_03_59.973385.jpg,OTHER,5477820,cafab16bb00fe6f8ffe5aa2cb1254cb4
datasets/extracted/Set2/images/Test_0015_1_03_107_2022-11-25T09_05_57.186648.jpg,OTHER,5484854,d0485459d6c3a65bd4cc8d86c9bf0d46
datasets/extracted/Set2/images/Test_0015_1_03_108_2022-11-25T09_09_59.256034.jpg,OTHER,5498074,fd17814a2523193ab241bf2ce8b15e1d
datasets/extracted/Set3/images/Test_0015_1_03_109_2022-12-20T09_47_44.789121.jpg,OTHER,4993335,d4319b848fbe32313566a1d9b46b3774
datasets/extracted/Set3/images/Test_0015_1_03_110_2022-12-20T09_50_33.854954.jpg,OTHER,4843452,e6033281397542864f75b8cdb5ded2f0
datasets/extracted/Set3/images/Test_0015_1_03_111_2022-12-20T09_52_52.170419.jpg,OTHER,4899680,c08b7fcfe8311ca69ae0b354de43d5c6
datasets/extracted/Set3/images/Test_0015_1_03_112_2022-12-20T09_55_21.231973.jpg,OTHER,4907779,c35c317810d6bdd16e6ad74e9e38b12b
datasets/extracted/Set3/images/Test_0015_1_03_113_2022-12-20T09_57_27.978869.jpg,OTHER,4929565,d88350c0a0aad56cb19b9ad534169585
datasets/extracted/Set3/images/Test_0015_1_03_114_2022-12-20T09_59_38.740158.jpg,OTHER,4899291,cad21df17ba1e549ef404896af720f81
datasets/extracted/Set3/images/Test_0015_1_03_115_2022-12-20T10_01_55.974174.jpg,OTHER,4937163,08f4bc0be902655bf0bf30052ce4bec1
datasets/extracted/Set3/images/Test_0015_1_03_116_2022-12-20T10_09_43.066775.jpg,OTHER,4919600,8c2c0ecc4b948d2f4a5b72d7f7fafa23
datasets/extracted/Set3/images/Test_0015_1_03_117_2022-12-20T10_11_50.582246.jpg,OTHER,4911689,115b582363dc51bec06b31203d9c1c9c
datasets/extracted/Set3/images/Test_0015_1_03_118_2022-12-20T10_13_55.813532.jpg,OTHER,4927223,6e2287c71faccca17c9be8a6619496b4
datasets/extracted/Set3/images/Test_0015_1_03_119_2022-12-20T10_16_03.722256.jpg,OTHER,4936201,55b7e90e35f500737e8bf6b04c039c0a
datasets/extracted/Set3/images/Test_0015_1_03_120_2022-12-20T10_18_09.823569.jpg,OTHER,4939459,61741cc74d9f6e835ba8b09e39449289
datasets/extracted/Set3/images/Test_0015_1_03_121_2022-12-20T10_20_19.291844.jpg,OTHER,4936027,ecfdf82207c729a86d38f954921b07d9
datasets/extracted/Set3/images/Test_0015_1_03_122_2022-12-20T10_22_33.648785.jpg,OTHER,4921567,8cd959316acdeaf5d371c7a53c6449ff
datasets/extracted/Set3/images/Test_0015_1_03_123_2022-12-20T10_24_43.618495.jpg,OTHER,4951317,f1c6d515e8ed4d580585aaf85d6ed7f0
datasets/extracted/Set3/images/Test_0015_1_03_124_2022-12-20T10_27_01.187182.jpg,OTHER,4961602,26efc166138ac0d8419d1d5df7ef2313
datasets/extracted/Set3/images/Test_0015_1_03_125_2022-12-20T10_28_59.219122.jpg,OTHER,4957933,bb0c8daa552f4cf8d45a390c79c3fc39
datasets/extracted/Set3/images/Test_0015_1_03_126_2022-12-20T10_31_02.579753.jpg,OTHER,4961419,5f274836852cb92ef0a3e4ec3d78bed4
datasets/extracted/Set3/images/Test_0015_1_03_127_2022-12-20T10_33_06.213943.jpg,OTHER,4950050,c15cb1233203feb242afc142cd83ce61
datasets/extracted/Set3/images/Test_0015_1_03_128_2022-12-20T10_35_26.851624.jpg,OTHER,4976880,76075222acfbda541715d3fd453a32b8
datasets/extracted/Set3/images/Test_0015_1_03_129_2022-12-20T10_59_18.388829.jpg,OTHER,4974534,9e0916087452c8687b0f052159fa846a
datasets/extracted/Set3/images/Test_0015_1_03_130_2022-12-20T11_01_23.122554.jpg,OTHER,4990983,00fcee95b48afdc2fd4f86d202c5c457
datasets/extracted/Set3/images/Test_0015_1_03_131_2022-12-20T11_03_22.431805.jpg,OTHER,4990842,e8616f4d750e6467e6ce858fbab8d0d2
datasets/extracted/Set3/images/Test_0015_1_03_132_2022-12-20T11_05_26.655829.jpg,OTHER,4993202,4beb8a5d954c51795f75290ba84eda2a
datasets/extracted/Set3/images/Test_0015_1_03_133_2022-12-20T11_07_31.961169.jpg,OTHER,4995168,c7ae0151dfcc58803c97fd46a6d21108
datasets/extracted/Set3/images/Test_0015_1_03_134_2022-12-20T11_09_36.078579.jpg,OTHER,5007459,a53ecc528f08a37b0ec3390a0bb25f23
datasets/extracted/Set3/images/Test_0015_1_03_135_2022-12-20T11_11_36.652322.jpg,OTHER,5011810,4ddc01c51f19ffdfd53856cc1f149a86
datasets/extracted/Set3/images/Test_0015_1_03_136_2022-12-20T11_13_37.187113.jpg,OTHER,5005251,c39fd855135e274854bae33e26df7872
datasets/extracted/Set3/images/Test_0015_1_03_137_2022-12-20T11_15_37.529352.jpg,OTHER,4997358,f8a992e7878e76e9275dedbfd342ebce
datasets/extracted/Set3/images/Test_0015_1_03_138_2022-12-20T11_18_09.760992.jpg,OTHER,5008144,8676bb5a501ea87917f48d0af7d67796
datasets/extracted/Set3/images/Test_0015_1_03_139_2022-12-20T11_20_13.645379.jpg,OTHER,5010316,87e59797fbaeb763d88aed0baae52bf5
datasets/extracted/Set3/images/Test_0015_1_03_140_2022-12-20T11_22_27.067394.jpg,OTHER,5021728,0f24cbb6b8fd102b301543d6e3675648
datasets/extracted/Set3/images/Test_0015_1_03_141_2022-12-20T11_24_30.363481.jpg,OTHER,5020097,ababbdba6167dc039b2977f34391b969
datasets/extracted/Set3/images/Test_0015_1_03_142_2022-12-20T11_26_33.297407.jpg,OTHER,5015237,126af1fd20ce985e62cfd660e9bd9eeb
datasets/extracted/Set3/images/Test_0015_1_03_143_2022-12-20T11_28_39.119646.jpg,OTHER,5015100,6a58d507c9ed20c459e3c2efd7d389c2
datasets/extracted/Set3/images/Test_0015_1_03_144_2022-12-20T11_30_43.922121.jpg,OTHER,5013216,30744ed1392c2b1d628e810eb34458cb
datasets/extracted/Set3/images/Test_0015_1_03_145_2022-12-20T11_32_45.040673.jpg,OTHER,5008432,8b429d85fc3356b6047f3322867e9b69
datasets/extracted/Set3/images/Test_0015_1_03_146_2022-12-20T11_34_46.569718.jpg,OTHER,5008772,95f5acabc5f306c805ee23ae69cee47a
datasets/extracted/Set3/images/Test_0015_1_03_147_2022-12-20T11_36_47.603010.jpg,OTHER,4999086,2b07834def1227e5b4a74c334ce96be5
datasets/extracted/Set3/images/Test_0015_1_03_148_2022-12-20T11_38_56.732600.jpg,OTHER,5014176,09d90d695719919ee3d4452afe544171
datasets/extracted/Set3/images/Test_0015_1_03_149_2022-12-20T11_41_07.466180.jpg,OTHER,5009471,d594581330451850bfd4991bc8839890
datasets/extracted/Set3/images/Test_0015_1_03_150_2022-12-20T11_43_10.102329.jpg,OTHER,5012020,267ef413af468f3003a0b33514282708
datasets/extracted/Set3/images/Test_0015_1_03_151_2022-12-20T11_45_11.448247.jpg,OTHER,5002010,04ade0fc1b6c503e8a5d49cb1a142c82
datasets/extracted/Set3/images/Test_0015_1_03_152_2022-12-20T11_47_14.510606.jpg,OTHER,4988721,f5f5f364397099f8b7a46edfcb2e9a44
datasets/extracted/Set3/images/Test_0015_1_03_153_2022-12-20T11_49_21.846951.jpg,OTHER,4973647,5b0c40267c561b062b393a7fb12fbb90
datasets/extracted/Set3/images/Test_0015_1_03_154_2022-12-20T11_52_06.900511.jpg,OTHER,4984566,a0e274092d59360c7498e287e18a85b2
datasets/extracted/Set3/images/Test_0015_1_03_155_2022-12-20T11_54_09.790199.jpg,OTHER,4977362,3f1cdb3eddca6141c69cc01d976f2eb1
datasets/extracted/Set3/images/Test_0015_1_03_156_2022-12-20T11_56_12.214561.jpg,OTHER,4998446,c1b400540c40e78673736b324923e63f
datasets/extracted/Set3/images/Test_0015_1_03_157_2022-12-20T11_58_18.799921.jpg,OTHER,4993034,a56138fb1156ad1c47b5147412bb8a0b
datasets/extracted/Set3/images/Test_0015_1_03_158_2022-12-23T10_56_29.191702.jpg,OTHER,4972452,90699624917dbda43c3a1198a5191819
datasets/extracted/Set3/images/Test_0015_1_03_159_2022-12-23T10_58_41.559633.jpg,OTHER,4981182,cb1d63c7dd2ff60f5346d8b5c6f608f9
datasets/extracted/Set3/images/Test_0015_1_03_160_2022-12-23T11_00_58.648989.jpg,OTHER,5054376,44f91bd095fffb7b40b426d1164584a1
datasets/extracted/Set3/images/Test_0015_1_03_161_2022-12-23T11_03_03.270145.jpg,OTHER,5064705,3d264c10286677e481c2aca72fdff7cd
datasets/extracted/Set3/images/Test_0015_1_03_162_2022-12-23T11_05_13.321066.jpg,OTHER,5057098,8fd62863cca0a1a60ee6bb78e0457265
datasets/extracted/Set3/images/Test_0015_1_03_163_2022-12-23T11_09_17.299318.jpg,OTHER,5089639,431c9a948a9116cdff4cd04610f613f3
datasets/extracted/Set3/images/Test_0015_1_03_164_2022-12-23T11_12_04.906763.jpg,OTHER,5106153,46c3eb346de867c1927b32bf289a947e
datasets/extracted/Set3/images/Test_0015_1_03_165_2022-12-23T11_14_03.837833.jpg,OTHER,5103144,fa524f77335f3764553b7fff1ef8564b
datasets/extracted/Set3/images/Test_0015_1_03_166_2022-12-23T11_21_21.002180.jpg,OTHER,5120279,af3c16c5b7e4c5c3b2c5aeac0153b3be
datasets/extracted/Set3/images/Test_0015_1_03_167_2022-12-23T11_25_02.440563.jpg,OTHER,5097645,176c344d4f95f43090e97925d35d532e
datasets/extracted/Set3/images/Test_0015_1_03_168_2022-12-23T11_27_31.959255.jpg,OTHER,5124547,e2e5860d5372933d31229b2c45d3920e
datasets/extracted/Set3/images/Test_0015_1_03_169_2022-12-23T11_30_20.766327.jpg,OTHER,5107572,c9eb5e737e455c562f8977fb547a713b
datasets/extracted/Set3/images/Test_0015_1_03_170_2022-12-23T12_08_11.392265.jpg,OTHER,5101177,c92ac493aad8ebfefef1d2d212868d20
datasets/extracted/Set3/images/Test_0015_1_03_171_2022-12-23T12_10_13.517085.jpg,OTHER,5107879,90888f4d3852ceebb6324c17fdf85b19
datasets/extracted/Set3/images/Test_0015_1_03_172_2022-12-23T12_19_25.372969.jpg,OTHER,5139012,aaf33946c4f0502079926cb1978124fa
datasets/extracted/Set3/images/Test_0015_1_03_173_2022-12-23T12_21_38.623193.jpg,OTHER,5130101,49ca274bfd869816e47570bcd9689329
datasets/extracted/Set3/images/Test_0015_1_03_174_2022-12-23T12_23_41.542927.jpg,OTHER,5094598,8b744ca003da51652bc12b355c9e9c54
datasets/extracted/Set3/images/Test_0015_1_03_175_2022-12-23T12_25_48.482363.jpg,OTHER,5113734,d8591a7eb9e6c41d36e345bb36ac1f6c
datasets/extracted/Set3/images/Test_0015_1_03_176_2022-12-23T12_28_09.151650.jpg,OTHER,5127875,f99515b3c8c74cf8348b90c039467e58
datasets/extracted/Set3/images/Test_0015_1_03_177_2022-12-23T12_30_15.426233.jpg,OTHER,5106781,027bc712ad8b65f3c4a3b2b3bab0005f
datasets/extracted/Set3/images/Test_0015_1_03_178_2022-12-23T12_32_35.867463.jpg,OTHER,5122603,ab5d2868ea06cf4527df765e0b061f0f
datasets/extracted/Set3/images/Test_0015_1_03_179_2022-12-23T12_34_44.592480.jpg,OTHER,5134635,4a2badb4cfecb7573dd653758e20db97
datasets/extracted/Set3/images/Test_0015_1_03_180_2022-12-23T12_36_57.619141.jpg,OTHER,5131199,3e402fb00bcd9720522c99f5386fc60b
datasets/extracted/Set3/images/Test_0015_1_03_181_2022-12-23T12_38_56.350207.jpg,OTHER,5117257,4ad308a67360fc1c3511bc4562a16fdb
datasets/extracted/Set3/images/Test_0015_1_03_182_2022-12-23T12_43_51.610823.jpg,OTHER,5108664,2eace2d8c206fa0be221f1e7ea5d1c10
datasets/extracted/Set3/images/Test_0015_1_03_183_2022-12-23T12_46_06.564592.jpg,OTHER,5053851,8b2a0d7b434e87788f6bf63ac0be6c4d
datasets/extracted/Set3/images/Test_0015_1_03_184_2022-12-23T12_48_15.423871.jpg,OTHER,5044937,15627252ea9825430236e6a52fd54c0c
datasets/extracted/Set3/images/Test_0015_1_03_185_2022-12-23T12_50_21.299456.jpg,OTHER,5072561,63b5079e4352c630077af25173f7b04e
datasets/extracted/Set3/images/Test_0015_1_03_186_2022-12-23T12_52_28.102222.jpg,OTHER,5048350,6a98f0338aece835a90818edcf03b2cd
datasets/extracted/Set3/images/Test_0015_1_03_187_2022-12-23T12_52_31.139681.jpg,OTHER,7037841,20cc022b8f34c0ad57395ed845fb6ce4
datasets/extracted/Set3/images/Test_0015_1_03_188_2022-12-23T12_54_36.742112.jpg,OTHER,5080241,7ba52c491e77161274ee1f843dc634df
datasets/extracted/Set3/images/Test_0015_1_03_189_2022-12-23T12_56_42.029069.jpg,OTHER,5079827,44ccb9a15da76fe3a038d7c36c683cc6
datasets/extracted/Set3/images/Test_0015_1_03_190_2022-12-23T12_58_46.332078.jpg,OTHER,5097730,3546100a733e17541de1d0909cd1e783
datasets/extracted/Set3/images/Test_0015_1_03_191_2022-12-23T13_01_10.142999.jpg,OTHER,5094869,4e2c83bcf02293d37a681802c77ea1b9
datasets/extracted/Set3/images/Test_0015_1_03_192_2022-12-23T13_03_40.227404.jpg,OTHER,5116110,d55eca9fe99d56b8c5caaa4772f30c67
datasets/extracted/Set3/images/Test_0015_1_03_193_2022-12-23T13_05_57.723715.jpg,OTHER,5134729,e09fdb030b1f0a4a203d0e7ac01b70d0
datasets/extracted/Set3/images/Test_0015_1_03_194_2022-12-23T13_31_36.278141.jpg,OTHER,5106705,bc5cdf225cd6bc1fd8df1dcf3e103e98
datasets/extracted/Set3/images/Test_0015_1_03_195_2022-12-23T13_33_34.298245.jpg,OTHER,5118590,b996899b17a5dba8426411e57d283459
datasets/extracted/Set3/images/Test_0015_1_03_196_2022-12-23T13_35_35.769371.jpg,OTHER,5109463,df992580d1660770ed9b8925b02332a0
datasets/extracted/Set3/images/Test_0015_1_03_197_2022-12-23T13_38_05.893644.jpg,OTHER,5126401,9b075395ed27f50778789a09f67ac411
datasets/extracted/Set3/images/Test_0015_1_03_198_2022-12-23T13_41_01.928786.jpg,OTHER,5135550,a0bb6597c88f31e85837c3535cb603ab
datasets/extracted/Set3/images/Test_0015_1_03_199_2022-12-23T13_43_31.939559.jpg,OTHER,5133657,1adb5e8e3aecd66701743fe35bc9b077
datasets/extracted/Set3/images/Test_0015_1_03_200_2022-12-23T13_45_40.233583.jpg,OTHER,5141258,4d33b92aca44f411e7c11110e46022de
datasets/extracted/Set3/images/Test_0015_1_03_201_2022-12-23T13_47_42.196671.jpg,OTHER,5130812,4d292dbf00c4c8a4bf978ae1af274b2e
datasets/extracted/Set3/images/Test_0015_1_03_202_2022-12-23T13_53_26.076959.jpg,OTHER,5152146,c823e36912427842ba4389100ce9739e
datasets/extracted/Set3/images/Test_0015_1_03_203_2022-12-23T13_55_32.298123.jpg,OTHER,5147527,cd393207d02fc87bfc7ad9b68317b218
datasets/extracted/Set3/images/Test_0015_1_03_204_2022-12-23T13_57_45.567081.jpg,OTHER,5131967,061d59a2ca268d9a285d477be7c897b0
datasets/extracted/Set3/images/Test_0015_1_03_205_2022-12-23T13_59_59.720108.jpg,OTHER,5129398,d628062b0d2fab961717ab443f915a9c
datasets/extracted/Set3/images/Test_0015_1_03_206_2022-12-23T14_02_08.414310.jpg,OTHER,5150550,4dd2c274b1270048a95585cdf3ace85a
datasets/extracted/Set3/images/Test_0015_1_03_207_2022-12-23T14_04_17.246824.jpg,OTHER,5164104,e3da77d6fb02a7f5e229a98bc9bbf362
datasets/extracted/Set3/images/Test_0015_1_03_208_2022-12-23T14_06_20.342151.jpg,OTHER,5166863,6df393015831ecc70c0e598c49e19ff1
datasets/extracted/Set3/images/Test_0015_1_03_209_2022-12-23T14_08_18.572226.jpg,OTHER,5169521,251690b53e2c11ed48fda44b29cbd841
datasets/extracted/Set3/images/Test_0015_1_03_210_2022-12-23T14_10_20.530327.jpg,OTHER,5175218,07b98499d638f7141af0bdccf290b97a
datasets/extracted/Set3/images/Test_0015_1_03_211_2022-12-23T14_12_24.156525.jpg,OTHER,5163709,b3f7fde1c39b9bd9541cf645306054f5
datasets/extracted/Set3/images/Test_0015_1_03_212_2022-12-23T14_14_51.288663.jpg,OTHER,5172556,b6fdba4357c8e11ef30197300265f2cf
datasets/extracted/Set3/images/Test_0015_1_03_213_2022-12-23T14_19_47.608999.jpg,OTHER,5178710,c77bb42ad9ff1b0da13281549addfca4
datasets/extracted/Set4/images/Test_0015_1_03_214_2023-02-16T10_50_19.146446.jpg,OTHER,4904860,1631e418426788cf451f1d8630ee223c
datasets/extracted/Set4/images/Test_0015_1_03_215_2023-02-16T10_53_59.965288.jpg,OTHER,5185938,950b9d4fca2e4beda8f7bbb49f452756
datasets/extracted/Set4/images/Test_0015_1_03_216_2023-02-16T10_56_47.850140.jpg,OTHER,5175611,7dec860642a44929f3e4a041fa084ed0
datasets/extracted/Set4/images/Test_0015_1_03_217_2023-02-16T11_02_03.319169.jpg,OTHER,5144638,1428ceb6f2f55ace749c0e3bf6a3c16f
datasets/extracted/Set4/images/Test_0015_1_03_218_2023-02-16T11_03_59.046255.jpg,OTHER,5146735,ee23a8cd318dcb64b091128b5e5f0bc0
datasets/extracted/Set4/images/Test_0015_1_03_219_2023-02-16T11_16_29.531147.jpg,OTHER,5209554,557e4d9f5dce203e54b5c4b8543f1845
datasets/extracted/Set4/images/Test_0015_1_03_220_2023-02-16T11_18_26.810079.jpg,OTHER,5171743,95ac9c415259125404994539443b43c9
datasets/extracted/Set4/images/Test_0015_1_03_221_2023-02-16T11_21_26.509479.jpg,OTHER,5163490,592145c15bd871ca128281749406c15c
datasets/extracted/Set4/images/Test_0015_1_03_222_2023-02-16T11_23_23.656172.jpg,OTHER,5181431,f8997426c5120541847120ad0e5eba86
datasets/extracted/Set4/images/Test_0015_1_03_223_2023-02-16T11_25_36.436483.jpg,OTHER,5175749,9bb740df709539ee44ff7f8432472efd
datasets/extracted/Set4/images/Test_0015_1_03_224_2023-02-16T11_30_18.338529.jpg,OTHER,5163349,3e127e2126a129d27a9ac0a2f7045476
datasets/extracted/Set4/images/Test_0015_1_03_225_2023-02-16T11_32_17.767127.jpg,OTHER,5180875,3c13c5f308e54b0ba6a6ceade1368334
datasets/extracted/Set4/images/Test_0015_1_03_226_2023-02-16T11_36_52.069755.jpg,OTHER,5168635,6bb25c1089801aa39380ad0cd78f9d38
datasets/extracted/Set4/images/Test_0015_1_03_227_2023-02-16T11_39_01.249396.jpg,OTHER,5161910,006c5bca28f14c9fd9e1df982b9fd1d7
datasets/extracted/Set4/images/Test_0015_1_03_228_2023-02-16T11_42_12.699230.jpg,OTHER,5196981,c42636461fb972863c69897355bd0500
datasets/extracted/Set4/images/Test_0015_1_03_229_2023-02-16T11_44_05.074219.jpg,OTHER,5187626,c0a62232e808e769250b015018aa975d
datasets/extracted/Set4/images/Test_0015_1_03_230_2023-02-16T11_46_24.382425.jpg,OTHER,5186102,a21cab48780dbe6bbab4cb5ec2e76487
datasets/extracted/Set4/images/Test_0015_1_03_231_2023-02-16T11_46_27.348956.jpg,OTHER,6963677,d7d5a32dcc04e5a647b9bd43b6814b94
datasets/extracted/Set4/images/Test_0015_1_03_232_2023-02-16T11_49_48.792466.jpg,OTHER,5188965,1acd2467d13e528b7102d8c6a7e63292
datasets/extracted/Set4/images/Test_0015_1_03_233_2023-02-16T11_52_48.743770.jpg,OTHER,5181953,c9a4974d80dbe08fd00a66a6abd6bce8
datasets/extracted/Set4/images/Test_0015_1_03_234_2023-02-16T11_55_01.921531.jpg,OTHER,5168181,9852a17e084ffc061d78234eadea0821
datasets/extracted/Set4/images/Test_0015_1_03_235_2023-02-16T11_56_59.891619.jpg,OTHER,5203067,698f1bd03f4adf401c15aba687d57d44
datasets/extracted/Set4/images/Test_0015_1_03_236_2023-02-16T11_59_40.081472.jpg,OTHER,5202274,aa1b7a68323107ef69debe6da70563a7
datasets/extracted/Set4/images/Test_0015_1_03_237_2023-02-17T09_09_38.227748.jpg,OTHER,5171574,a9577344069af90d90ef3565b2866ae6
datasets/extracted/Set4/images/Test_0015_1_03_238_2023-02-17T09_13_30.034124.jpg,OTHER,5196074,9ef7a754e7458da2618df6f80e11e223
datasets/extracted/Set4/images/Test_0015_1_03_239_2023-02-17T09_16_51.463409.jpg,OTHER,5238722,b9f54f11a9579e0c67196d62e5f72969
datasets/extracted/Set4/images/Test_0015_1_03_240_2023-02-17T09_18_51.181568.jpg,OTHER,5240735,58b07a7716255300efe2d872313ac544
datasets/extracted/Set4/images/Test_0015_1_03_241_2023-02-17T09_23_21.528525.jpg,OTHER,5235598,8b6819b07325f678b69c1fbfda666007
datasets/extracted/Set4/images/Test_0015_1_03_242_2023-02-17T09_25_17.133897.jpg,OTHER,5243706,c05bdc7a9f38ef7a31b16a19df99a1b9
datasets/extracted/Set4/images/Test_0015_1_03_243_2023-02-17T09_30_19.642055.jpg,OTHER,5211940,5e718da953e9b82c28a659ea4e1fc52d
datasets/extracted/Set4/images/Test_0015_1_03_244_2023-02-17T09_32_29.243805.jpg,OTHER,5243123,7749fb859bb0d9fa652226efeefdfd4c
datasets/extracted/Set4/images/Test_0015_1_03_245_2023-02-17T09_34_30.466196.jpg,OTHER,5237849,8cb6b0b75d6ba4181e5b91ec0a18c38d
datasets/extracted/Set4/images/Test_0015_1_03_246_2023-02-17T09_36_37.238645.jpg,OTHER,5259830,51264e7c1c0244ca7e7d02f504242c31
datasets/extracted/Set4/images/Test_0015_1_03_247_2023-02-17T09_38_47.834296.jpg,OTHER,5249491,883d5a8a9f1655bce120980fe9b6dd06
datasets/extracted/Set4/images/Test_0015_1_03_248_2023-02-17T09_43_42.024163.jpg,OTHER,5274494,f3308425fb78521ca56278034baf0f80
datasets/extracted/Set4/images/Test_0015_1_03_249_2023-02-17T09_45_52.658395.jpg,OTHER,5175111,4499e9e8d0d5bc81cb54872b30839019
datasets/extracted/Set4/images/Test_0015_1_03_250_2023-02-17T09_48_25.042832.jpg,OTHER,5173452,b497e1679933d2e7f437d8d7c43c8e0d
datasets/extracted/Set4/images/Test_0015_1_03_251_2023-02-17T09_50_51.224986.jpg,OTHER,5242480,ab8e5c58e6111a2298fb2035e456b7e0
datasets/extracted/Set4/images/Test_0015_1_03_252_2023-02-17T10_00_52.968438.jpg,OTHER,5199849,4196e00dead83037fe9033cec5401962
datasets/extracted/Set4/images/Test_0015_1_03_253_2023-02-17T10_05_05.240729.jpg,OTHER,5190810,cee423e92a160f0db25b445fde08616a
datasets/extracted/Set4/images/Test_0015_1_03_254_2023-02-17T10_08_08.752912.jpg,OTHER,5218112,1b1757543c14d99c9a94e0133b788b92
datasets/extracted/Set4/images/Test_0015_1_03_255_2023-02-20T09_00_52.091883.jpg,OTHER,5190349,69187dea1909cf8b2c49fe89d6861e43
datasets/extracted/Set4/images/Test_0015_1_03_256_2023-02-20T09_03_02.469356.jpg,OTHER,5243612,7c6985be9ae015afb81dc3421171515d
datasets/extracted/Set4/images/Test_0015_1_03_257_2023-02-20T09_07_27.966679.jpg,OTHER,5202488,bd40b656686c73fcbfb7ad30022fd022
datasets/extracted/Set4/images/Test_0015_1_03_258_2023-02-20T09_09_28.162714.jpg,OTHER,5201145,9cea039a3293c4c17165d530578b2d64
datasets/extracted/Set4/images/Test_0015_1_03_259_2023-02-20T09_13_04.159557.jpg,OTHER,5204380,c7959361b4ce86ebb4afbedb80477b49
datasets/extracted/Set4/images/Test_0015_1_03_260_2023-02-20T09_15_41.333249.jpg,OTHER,5198935,31c8a4a568c658077d36e0daeef133e1
datasets/extracted/Set4/images/Test_0015_1_03_261_2023-02-20T09_21_35.699791.jpg,OTHER,5199409,278205c3c9c1006d7850e303cd8351af
datasets/extracted/Set4/images/Test_0015_1_03_262_2023-02-20T09_23_40.924205.jpg,OTHER,5220376,c7652e983889a42600ef859c80ca89fa
datasets/extracted/Set4/images/Test_0015_1_03_263_2023-02-20T10_03_26.018227.jpg,OTHER,5223515,3f71ccc07210f640a3f9232638d8780d
datasets/extracted/Set4/images/Test_0015_1_03_264_2023-02-20T10_08_10.014193.jpg,OTHER,5217495,05a852edc3e2d95b28f494b8038475a9
datasets/extracted/Set4/images/Test_0015_1_03_265_2023-02-20T10_10_14.635002.jpg,OTHER,5237164,87af57b3774a988410bea94c508a2061
datasets/extracted/Set4/images/Test_0015_1_03_266_2023-02-20T10_27_06.822452.jpg,OTHER,5233705,0237cdcaacdd17272b6d76219aa6e7a6
datasets/extracted/Set4/images/Test_0015_1_03_267_2023-02-20T10_31_44.279614.jpg,OTHER,5254362,ee5d5bd540b6c3848b5f5190fb9b252e
datasets/extracted/Set4/images/Test_0015_1_03_268_2023-02-20T10_31_47.318732.jpg,OTHER,6978759,bfe5d0f1a7c6898cd2f66edeebc446ec
datasets/extracted/Set4/images/Test_0015_1_03_269_2023-02-20T10_34_05.227482.jpg,OTHER,5249310,101375ecd4c3ea9b573426762f100c7a
datasets/extracted/Set4/images/Test_0015_1_03_270_2023-02-20T10_36_00.520816.jpg,OTHER,5225508,0db0d7a6cc04f01b7509a855d4b1369a
datasets/extracted/Set4/images/Test_0015_1_03_271_2023-02-20T10_38_26.382216.jpg,OTHER,5238575,ef41bdb3e4ed67452dd50bf4dbd7fe26
datasets/extracted/Set4/images/Test_0015_1_03_272_2023-02-20T10_40_24.880582.jpg,OTHER,5236778,765a0ef3232e009679cef7b8cc32bbd5
datasets/extracted/Set4/images/Test_0015_1_03_273_2023-02-20T10_42_54.996093.jpg,OTHER,5247147,86b17d6fce2198f2e22be8f5b21e3ae0
datasets/extracted/Set4/images/Test_0015_1_03_274_2023-02-20T10_47_05.894386.jpg,OTHER,5249349,bc7a9d175fcd61abdc28b6854f4cf7e4
datasets/extracted/Set4/images/Test_0015_1_03_275_2023-02-20T10_49_00.974654.jpg,OTHER,5230121,c094743420e730f2d39e20284424e23c
datasets/extracted/Set4/images/Test_0015_1_03_276_2023-02-20T11_03_29.040338.jpg,OTHER,5236615,9fb6b925a836b6c083c2114bf8a18872
datasets/extracted/Set4/images/Test_0015_1_03_277_2023-02-20T11_06_47.099742.jpg,OTHER,5253951,5fc881ead26c206ddfd6185d24797905
datasets/extracted/Set4/images/Test_0015_1_03_278_2023-02-20T11_09_07.160820.jpg,OTHER,5255896,2235e237cb306e1fd968dda5b81fcc65
datasets/extracted/Set4/images/Test_0015_1_03_279_2023-02-20T11_11_07.071693.jpg,OTHER,5260579,58fab921c8375cfa7d5649b9f30a0ff1
datasets/extracted/Set4/images/Test_0015_1_03_280_2023-02-20T11_12_59.807547.jpg,OTHER,5270131,9c33c5120eadc1746dee0865be090ea7
datasets/extracted/Set4/images/Test_0015_1_03_281_2023-02-20T11_15_46.150679.jpg,OTHER,5275121,7dde6c9a6425f54c209b57763e0ebb9f
datasets/extracted/Set4/images/Test_0015_1_03_282_2023-02-20T11_19_27.619209.jpg,OTHER,5266179,e46fe91a41db272890153a4dce0e4bee
datasets/extracted/Set4/images/Test_0015_1_03_283_2023-02-20T11_21_20.660775.jpg,OTHER,5276430,3c13c177e5885a98f93cfac482f70754
datasets/extracted/Set4/images/Test_0015_1_03_284_2023-02-20T11_23_43.374700.jpg,OTHER,5289346,8d50daf9913bc38d67215cd8e8f75c32
datasets/extracted/Set4/images/Test_0015_1_03_285_2023-02-20T11_25_51.617606.jpg,OTHER,5273850,892dc2ac5bd971887a541f09a01403ff
datasets/extracted/Set4/images/Test_0015_1_03_286_2023-02-20T11_28_02.256779.jpg,OTHER,5267395,963351e5ef0bbd18872aa77fe7a8b1de
datasets/extracted/Set4/images/Test_0015_1_03_287_2023-02-20T11_36_07.365076.jpg,OTHER,5268121,d9363e7156758c5b6d807b9398693ba0
datasets/extracted/Set4/images/Test_0015_1_03_288_2023-02-20T11_39_25.323671.jpg,OTHER,5274260,1c07f7fe2ac0b69f9c2558efb5c581b3
datasets/extracted/Set4/images/Test_0015_1_03_289_2023-02-20T11_47_43.392454.jpg,OTHER,5262857,f810cbadd033d8750cf809fb244aca80
datasets/extracted/Set4/images/Test_0015_1_03_290_2023-02-20T11_47_46.365110.jpg,OTHER,6961024,6285150cfc77ee9e74b34582677dad0d
datasets/extracted/Set4/images/Test_0015_1_03_291_2023-02-20T11_51_33.586528.jpg,OTHER,5287383,60f3835deaffdcdcae5b28042084e5bb
datasets/extracted/Set4/images/Test_0015_1_03_292_2023-02-20T11_53_41.817921.jpg,OTHER,5274980,49a4165c3688e4b30052aa24f9fc2070
datasets/extracted/Set4/images/Test_0015_1_03_293_2023-02-20T11_55_43.102970.jpg,OTHER,5257801,f45d4b5096ed3ce98cd4b3848bd312e0
datasets/extracted/Set4/images/Test_0015_1_03_294_2023-02-20T11_57_32.810278.jpg,OTHER,5267537,ef30c49077c4e6d2fc5c19f6c200392d
datasets/extracted/Set4/images/Test_0015_1_03_295_2023-02-20T11_59_25.075968.jpg,OTHER,5274144,93dc2c0e59b2a24cd532aff053a3bafe
datasets/extracted/Set4/images/Test_0015_1_03_296_2023-02-20T12_01_57.451661.jpg,OTHER,5267803,00329b328f8d0061c638a75c122873ca
datasets/extracted/Set4/images/Test_0015_1_03_297_2023-02-20T12_04_07.085470.jpg,OTHER,5261881,2923a2ae20812dbfac1c2be91abd4b2f
datasets/extracted/Set4/images/Test_0015_1_03_298_2023-02-20T12_06_30.320670.jpg,OTHER,5209708,0c663fd9c48bb5f72b4e6d7da3723a88
datasets/extracted/Set4/images/Test_0015_1_03_299_2023-02-20T12_08_21.032566.jpg,OTHER,5204224,44efbac5f9cf1b28558826209aae582e
datasets/extracted/Set4/images/Test_0015_1_03_300_2023-02-20T12_11_10.088953.jpg,OTHER,5223689,cffe22c9932e6a4b1d722bdc68f0bd05
datasets/extracted/Set4/images/Test_0015_1_03_301_2023-02-20T12_13_11.591280.jpg,OTHER,5240474,82a5b031a24d707308334f476a515675
datasets/extracted/Set4/images/Test_0015_1_03_302_2023-02-20T12_16_14.810058.jpg,OTHER,5245248,483994448700cb24592a166b7f67b08b
datasets/extracted/Set4/images/Test_0015_1_03_303_2023-02-20T12_18_58.799740.jpg,OTHER,5235328,9197516e8fa15fa7d9f58666f962b993
datasets/extracted/Set4/images/Test_0015_1_03_304_2023-02-20T12_21_00.771112.jpg,OTHER,5238898,9d6354144901271fbfda43f67157b17f
datasets/extracted/Set4/images/Test_0015_1_03_305_2023-02-20T12_22_58.027966.jpg,OTHER,5228502,d9811d1337ccdc76d73e6ecf9afff687
datasets/extracted/Set4/images/Test_0015_1_03_306_2023-02-21T09_36_21.874379.jpg,OTHER,6982712,35faab966a2482f67d62cfe0951ff30d
datasets/extracted/Set4/images/Test_0015_1_03_307_2023-02-21T09_38_28.638310.jpg,OTHER,5255637,435bb0278d1e08dab76a69676b60c7f2
datasets/extracted/Set4/images/Test_0015_1_03_308_2023-02-21T09_44_58.654284.jpg,OTHER,5259573,583f287bdfb3ab3b02df81d31c604c23
datasets/extracted/Set4/images/Test_0015_1_03_309_2023-02-21T10_01_43.330809.jpg,OTHER,5253266,6e62780d81785dbff77fd6e6c039f83d
datasets/extracted/Set4/images/Test_0015_1_03_310_2023-02-21T10_03_14.074688.jpg,OTHER,5253399,a89f253da51c3b60e703aeb89d9b66b3
datasets/extracted/Set4/images/Test_0015_1_03_311_2023-02-21T10_04_45.184728.jpg,OTHER,5249011,99900f0653eb762b03904272c5bd43ba
datasets/extracted/Set4/images/Test_0015_1_03_312_2023-02-21T10_06_17.659376.jpg,OTHER,5261734,27b3f01397e63848920d83747d3e88fa
datasets/extracted/Set4/images/Test_0015_1_03_313_2023-02-21T10_07_48.669741.jpg,OTHER,5272852,f2ae6f295f660c26936700248be11d3c
datasets/extracted/Set4/images/Test_0015_1_03_314_2023-02-21T10_09_19.673783.jpg,OTHER,5278978,531be6e10e2abb956985b2327cd0dd86
datasets/extracted/Set4/images/Test_0015_1_03_315_2023-02-21T10_10_50.783082.jpg,OTHER,5284584,8ff376047cc09771909ced72ba7ca547
datasets/extracted/Set4/images/Test_0015_1_03_316_2023-02-21T10_12_21.680292.jpg,OTHER,5285288,ff3c40b1183c681751d278be4d10cee2
datasets/extracted/Set4/images/Test_0015_1_03_317_2023-02-21T10_13_53.599456.jpg,OTHER,5293926,66ea43b3749c38ea21e0e2dc7c320970
datasets/extracted/Set5/images/Test_0015_1_03_012_2023-02-21T10_53_06.350253.jpg,OTHER,5398174,8378f3f13eb1bd9154b225f04ca77bbf
datasets/extracted/Set5/images/Test_0015_1_03_012_2023-02-21T11_11_39.047082.jpg,OTHER,5407522,9d58cbc80d054fcea340b613a498469f
datasets/extracted/Set5/images/Test_0015_1_03_012_2023-02-21T11_33_23.412810.jpg,OTHER,5392364,9c994074c749fd8cfd50db119157ad9b
datasets/extracted/Set5/images/Test_0015_1_03_012_2023-02-21T11_59_20.129190.jpg,OTHER,5413849,eb187848794e6214c8ea14c0dbf1b2eb
datasets/extracted/Set5/images/Test_0015_1_03_012_2023-02-21T12_43_02.303125.jpg,OTHER,5402126,71cb794965ff8adb5ada5f1d33b212a2
datasets/extracted/Set5/images/Test_0015_1_03_012_2023-02-21T13_05_25.564680.jpg,OTHER,5422122,d60ff4c9f5dea4b63f9e86d43112fb74
datasets/extracted/Set5/images/Test_0015_1_03_013_2023-02-21T10_54_48.277610.jpg,OTHER,5397719,6bd7791ff61a268d354da08dc92425af
datasets/extracted/Set5/images/Test_0015_1_03_013_2023-02-21T11_13_20.905369.jpg,OTHER,5432220,54b9566aa001d9c8e48814328ae6b3f2
datasets/extracted/Set5/images/Test_0015_1_03_013_2023-02-21T11_33_26.292037.jpg,OTHER,5405023,d5e1ded3b446a24568af14704629d952
datasets/extracted/Set5/images/Test_0015_1_03_013_2023-02-21T11_59_23.074607.jpg,OTHER,5414695,5431b2d13a11232cddaf617ef2fdcdd9
datasets/extracted/Set5/images/Test_0015_1_03_013_2023-02-21T12_44_42.742907.jpg,OTHER,5414590,ef3aa3937b547ccc9108a9b323274d01
datasets/extracted/Set5/images/Test_0015_1_03_013_2023-02-21T13_07_07.429321.jpg,OTHER,5408665,e22cc8c4a66799e5a2558a0de36f9983
datasets/extracted/Set5/images/Test_0015_1_03_014_2023-02-21T10_56_30.281301.jpg,OTHER,5388482,fbdf5061a8096d9c2b25ef9a150291d5
datasets/extracted/Set5/images/Test_0015_1_03_014_2023-02-21T11_15_03.051324.jpg,OTHER,5373895,a22f4dea97ae4d9d4849bfd5353316a4
datasets/extracted/Set5/images/Test_0015_1_03_014_2023-02-21T11_35_05.308553.jpg,OTHER,5428229,3c264bfc48f7c05296c2a87d41f7c9eb
datasets/extracted/Set5/images/Test_0015_1_03_014_2023-02-21T12_01_01.993029.jpg,OTHER,5418758,b8e927b0d760fd54a57e43d1b5bd25dc
datasets/extracted/Set5/images/Test_0015_1_03_014_2023-02-21T12_46_24.810353.jpg,OTHER,5388151,436347ca67f3c5eb1726a75521dd8dff
datasets/extracted/Set5/images/Test_0015_1_03_014_2023-02-21T13_08_47.915433.jpg,OTHER,5390640,025fdabd6636ee58eee85c9168ef0a35
datasets/extracted/Set5/images/Test_0015_1_03_015_2023-02-21T10_58_12.243884.jpg,OTHER,5443835,5ec729b82e38878a79c6081975c0577e
datasets/extracted/Set5/images/Test_0015_1_03_015_2023-02-21T11_16_45.098546.jpg,OTHER,5385710,fa1aca25339e27d9336fbf3c35a8d2d7
datasets/extracted/Set5/images/Test_0015_1_03_015_2023-02-21T11_36_45.850519.jpg,OTHER,5390949,71acf91b1562434a5678941ea2ea456a
datasets/extracted/Set5/images/Test_0015_1_03_015_2023-02-21T12_02_42.470033.jpg,OTHER,5422477,9df5e2c8c4b9175df2c451456daa9ac5
datasets/extracted/Set5/images/Test_0015_1_03_015_2023-02-21T12_48_05.431213.jpg,OTHER,5420291,6745cd73f1aeed2d1f650ef76f1cf49a
datasets/extracted/Set5/images/Test_0015_1_03_015_2023-02-21T13_10_29.838896.jpg,OTHER,5402834,81e6164c27c5521bf7ab3d92c500efbc
datasets/extracted/Set5/images/Test_0015_1_03_016_2023-02-21T10_59_54.313538.jpg,OTHER,5396571,52d7e4d34ec2bddc4053a240ed928698
datasets/extracted/Set5/images/Test_0015_1_03_016_2023-02-21T11_18_27.276508.jpg,OTHER,5390237,0fa917ba00e8116b099b9676d1032d26
datasets/extracted/Set5/images/Test_0015_1_03_016_2023-02-21T11_38_27.968861.jpg,OTHER,5402909,70606dac912337d955338b40946a2526
datasets/extracted/Set5/images/Test_0015_1_03_016_2023-02-21T12_04_24.685235.jpg,OTHER,5415228,de652d29054a69651b0c91d87c1d3c6f
datasets/extracted/Set5/images/Test_0015_1_03_016_2023-02-21T12_49_46.012510.jpg,OTHER,5449348,bda922ca396855569a77723e667bc39a
datasets/extracted/Set5/images/Test_0015_1_03_016_2023-02-21T13_12_10.464181.jpg,OTHER,5389540,f485ab7f7bbbb2052ea2883aef3bef8b
datasets/extracted/Set5/images/Test_0015_1_03_017_2023-02-21T11_01_36.444203.jpg,OTHER,5385204,1538bea6249cb4d329abca25ebd563e6
datasets/extracted/Set5/images/Test_0015_1_03_017_2023-02-21T11_20_09.545018.jpg,OTHER,5409821,066d23926922750b836fd74890818594
datasets/extracted/Set5/images/Test_0015_1_03_017_2023-02-21T11_40_08.731342.jpg,OTHER,5407711,75a449f5aef414d7d0eff0be80470d1d
datasets/extracted/Set5/images/Test_0015_1_03_017_2023-02-21T12_06_05.265937.jpg,OTHER,5421259,bd09eee77385436f4e42a6d4b31cc006
datasets/extracted/Set5/images/Test_0015_1_03_017_2023-02-21T12_51_28.379193.jpg,OTHER,5404149,4449fef07d1dee6b94575ce2d103d8a0
datasets/extracted/Set5/images/Test_0015_1_03_017_2023-02-21T13_13_52.791136.jpg,OTHER,5468168,d003bcc55c9210a0b7c5d4d35116b956
datasets/extracted/Set5/images/Test_0015_1_03_018_2023-02-21T11_03_18.636966.jpg,OTHER,5409323,f97387b282b65ad1f70ccb91816fa25d
datasets/extracted/Set5/images/Test_0015_1_03_018_2023-02-21T11_21_51.936383.jpg,OTHER,5430897,e8258ccdf469d0becc08a1cf3c98f74e
datasets/extracted/Set5/images/Test_0015_1_03_018_2023-02-21T11_41_49.392861.jpg,OTHER,5407438,732685f0b7c900aca753c25c0e44275d
datasets/extracted/Set5/images/Test_0015_1_03_018_2023-02-21T12_07_45.939873.jpg,OTHER,5397255,f35f5a7b5423534beae254c95fccaaf5
datasets/extracted/Set5/images/Test_0015_1_03_018_2023-02-21T12_53_09.097508.jpg,OTHER,5389741,36b9e683790026eab2a555de1683448f
datasets/extracted/Set5/images/Test_0015_1_03_018_2023-02-21T13_15_33.628885.jpg,OTHER,5456472,b4be644d6ac43b6de1add46a73e7a1ad
datasets/extracted/Set5/images/Test_0015_1_03_019_2023-02-21T11_05_00.524420.jpg,OTHER,5377785,c6d9c57df398204981c6f9db3119d808
datasets/extracted/Set5/images/Test_0015_1_03_019_2023-02-21T11_23_34.059742.jpg,OTHER,5422304,24ff0c2125ba78dd8853b57081b9917e
datasets/extracted/Set5/images/Test_0015_1_03_019_2023-02-21T11_43_30.978305.jpg,OTHER,5425007,0d4d0e0e9627f3ec09fb5b39a2cba2b3
datasets/extracted/Set5/images/Test_0015_1_03_019_2023-02-21T12_07_50.656497.jpg,OTHER,6979383,317489361c86166c2677ccd7d3c05c08
datasets/extracted/Set5/images/Test_0015_1_03_019_2023-02-21T12_54_49.807321.jpg,OTHER,5464082,d88a8a1c6a4df9fe747426ceadb0a296
datasets/extracted/Set5/images/Test_0015_1_03_019_2023-02-21T13_17_14.414015.jpg,OTHER,5419881,511a8102017db0dd92fd57b1f34f1151
datasets/extracted/Set5/images/Test_0015_1_03_020_2023-02-21T11_06_42.613853.jpg,OTHER,5418448,72178a5d22a74441b542164df9d966cb
datasets/extracted/Set5/images/Test_0015_1_03_020_2023-02-21T11_25_16.264764.jpg,OTHER,5400242,a25a170cd9e1f35b4730643a9f078849
datasets/extracted/Set5/images/Test_0015_1_03_020_2023-02-21T12_09_28.367170.jpg,OTHER,5426309,f24e51a7629f060f4668d5d52e41b1b5
datasets/extracted/Set5/images/Test_0015_1_03_020_2023-02-21T12_56_31.737922.jpg,OTHER,5437604,27a3cc89acab6146217a1dc390d25ddc
datasets/extracted/Set5/images/Test_0015_1_03_020_2023-02-21T13_17_17.593422.jpg,OTHER,5456945,28ac94f3a997db9507a53f06cff7dc8b
datasets/extracted/Set5/images/Test_0015_1_03_021_2023-02-21T12_11_09.386906.jpg,OTHER,5412433,e3a88accaaa75644efbdfa9cd3483416
datasets/extracted/Set5/images/Test_0015_1_03_021_2023-02-21T13_18_56.869991.jpg,OTHER,5487387,f1b9363f24615c2cf8ce7a9f94f55f51
datasets/extracted/Set5/images/Test_0015_1_03_022_2023-02-21T12_12_49.970718.jpg,OTHER,5401763,7da69e21eb88bcb689437a5093837344
datasets/extracted/Set5/images/Test_0015_1_03_318_2023-02-21T10_32_14.678973.jpg,OTHER,5371989,e8a75c0a2b6e10820f5a1de36f8f4f8f
datasets/extracted/Set5/images/Test_0015_1_03_319_2023-02-21T10_33_56.417625.jpg,OTHER,5373225,ffdbfd4801ebb176ac0bc9d2e672103f
datasets/extracted/Set5/images/Test_0015_1_03_320_2023-02-21T10_35_36.994601.jpg,OTHER,5361404,e278488f6b2f6c62f59526d9be64a4c8
datasets/extracted/Set5/images/Test_0015_1_03_321_2023-02-21T10_35_40.155206.jpg,OTHER,5377443,4e3013c4edcbaba8cb587299c73e1f96
datasets/extracted/Set5/images/Test_0015_1_03_322_2023-02-21T10_37_19.426750.jpg,OTHER,5382698,4d746e0ba4dd2279048d4eeeb9cc8a3f
datasets/extracted/Set5/images/Test_0015_1_03_323_2023-02-21T10_39_01.512277.jpg,OTHER,5386003,b9c3878bfe4dcd4ca8ceb0dbeb090074
datasets/extracted/Set5/images/Test_0015_1_03_324_2023-02-21T10_40_42.183581.jpg,OTHER,5371256,9ad8398e234117d6871929c5b3b2ade1
datasets/extracted/Set5/images/Test_0015_1_03_325_2023-02-21T10_42_24.509984.jpg,OTHER,5385695,e2a96f6f6865569ec7c02b28650e0d79
datasets/extracted/Set5/images/Test_0015_1_03_326_2023-02-21T10_44_06.659842.jpg,OTHER,5394260,cae5c8e5868935b411c4ee6c07a5d130
datasets/extracted/Set5/images/Test_0015_1_03_327_2023-02-21T10_45_48.958085.jpg,OTHER,5405541,84795ea3230ae6c9cfa70e3911b7f4ac
datasets/extracted/Set6/images/Test_0015_1_03_012_2023-02-22T09_07_17.167464.jpg,OTHER,5204183,0c1fb41331dd7545746a4ecd4c345e95
datasets/extracted/Set6/images/Test_0015_1_03_012_2023-02-22T09_28_54.889504.jpg,OTHER,5191854,8c529b7526f5a49925c1354e251dc2b9
datasets/extracted/Set6/images/Test_0015_1_03_012_2023-02-22T09_52_05.782940.jpg,OTHER,5220566,c8b57c828bcc0ccb616d49ac9a89b547
datasets/extracted/Set6/images/Test_0015_1_03_012_2023-02-22T10_20_51.002844.jpg,OTHER,5244308,2b443bd53ce40edc2c0523e0c9dfd816
datasets/extracted/Set6/images/Test_0015_1_03_012_2023-02-22T10_44_22.387134.jpg,OTHER,5278252,dad5d5c83dc21149c4008faa9de5388b
datasets/extracted/Set6/images/Test_0015_1_03_012_2023-02-22T12_59_46.800594.jpg,OTHER,5247827,f3a32dd1a9f3ef4ca8de03213156c6d0
datasets/extracted/Set6/images/Test_0015_1_03_012_2023-02-22T14_28_04.010135.jpg,OTHER,5342755,120b9db40b93e1f2ef36bb9fff83ce25
datasets/extracted/Set6/images/Test_0015_1_03_013_2023-02-22T09_08_59.053577.jpg,OTHER,5171841,f7741d5ad2dc854ac7ebd9a5dd12919e
datasets/extracted/Set6/images/Test_0015_1_03_013_2023-02-22T09_30_36.641681.jpg,OTHER,5196042,911829ca02df7cdd98bf9c3a80549440
datasets/extracted/Set6/images/Test_0015_1_03_013_2023-02-22T09_53_47.753352.jpg,OTHER,5224185,4f9857da55a43c4f37e2cc56ec017f74
datasets/extracted/Set6/images/Test_0015_1_03_013_2023-02-22T10_22_33.027033.jpg,OTHER,5248464,90a773e2463910dc1c91496e1e656898
datasets/extracted/Set6/images/Test_0015_1_03_013_2023-02-22T10_46_04.379068.jpg,OTHER,5275284,22d99625676688d74b6d11ca708d9b05
datasets/extracted/Set6/images/Test_0015_1_03_013_2023-02-22T13_01_17.704041.jpg,OTHER,5262340,f45b9021833857ff3f85af94a597e84b
datasets/extracted/Set6/images/Test_0015_1_03_013_2023-02-22T14_29_33.205588.jpg,OTHER,5342574,aa5258f2fcd5d0251ca51c70d46c61aa
datasets/extracted/Set6/images/Test_0015_1_03_014_2023-02-22T09_10_39.584051.jpg,OTHER,5112868,2a807b7f5a79093661efe2c883ee3075
datasets/extracted/Set6/images/Test_0015_1_03_014_2023-02-22T09_32_17.256712.jpg,OTHER,5197189,51c7803377f77ebe67072b915b8a43ae
datasets/extracted/Set6/images/Test_0015_1_03_014_2023-02-22T09_55_28.090233.jpg,OTHER,5225984,6a3976d1ab0de335f5e3b3c3a28ec125
datasets/extracted/Set6/images/Test_0015_1_03_014_2023-02-22T10_24_15.367687.jpg,OTHER,5238754,d65b3a192bcd6f1539a64b7e237ec69b
datasets/extracted/Set6/images/Test_0015_1_03_014_2023-02-22T10_47_46.751387.jpg,OTHER,5318377,9160e323a7a7e97a3f7a05c39292ed1d
datasets/extracted/Set6/images/Test_0015_1_03_014_2023-02-22T13_02_48.824931.jpg,OTHER,5284597,0224c7d61a5791c0f6fc86ef5c76eaf8
datasets/extracted/Set6/images/Test_0015_1_03_014_2023-02-22T14_31_04.152415.jpg,OTHER,5348718,035f23aa05ebb43132bd0511327dd69f
datasets/extracted/Set6/images/Test_0015_1_03_015_2023-02-22T09_10_42.774453.jpg,OTHER,5161151,eea0038731a748868d863e482059c28b
datasets/extracted/Set6/images/Test_0015_1_03_015_2023-02-22T09_33_59.458586.jpg,OTHER,5201993,ff6c97b2fa0f6601f9c931ad8138d349
datasets/extracted/Set6/images/Test_0015_1_03_015_2023-02-22T09_57_10.330801.jpg,OTHER,5254005,ba1b99f8ddaab2e5e04cbed88f226939
datasets/extracted/Set6/images/Test_0015_1_03_015_2023-02-22T10_25_57.466783.jpg,OTHER,5248629,f5d2a8aa56d43ec79211ed5c3ed90d58
datasets/extracted/Set6/images/Test_0015_1_03_015_2023-02-22T10_49_28.900135.jpg,OTHER,5312923,abac049d68724f11df9173d090ed1e1c
datasets/extracted/Set6/images/Test_0015_1_03_015_2023-02-22T13_04_19.990047.jpg,OTHER,5300504,6f29e3907ac2f9e6a34a63f80d074986
datasets/extracted/Set6/images/Test_0015_1_03_015_2023-02-22T14_32_34.882049.jpg,OTHER,5350573,06c852f92ca9879611564a43d5a3712a
datasets/extracted/Set6/images/Test_0015_1_03_016_2023-02-22T09_12_22.005186.jpg,OTHER,5174088,4b3ee5069814b8a352d54914b6a32f9e
datasets/extracted/Set6/images/Test_0015_1_03_016_2023-02-22T09_35_41.532523.jpg,OTHER,5211045,87d24164c24157a6c606eebbd848b049
datasets/extracted/Set6/images/Test_0015_1_03_016_2023-02-22T09_58_52.299617.jpg,OTHER,5257497,02a6296a7e35db1d380a05b6cc128aaa
datasets/extracted/Set6/images/Test_0015_1_03_016_2023-02-22T10_27_39.644436.jpg,OTHER,5275382,bd8f1817b25fe723709ade5bc292153d
datasets/extracted/Set6/images/Test_0015_1_03_016_2023-02-22T10_51_11.173823.jpg,OTHER,5320571,e20b196bbc6730e8a309dc0685b72f55
datasets/extracted/Set6/images/Test_0015_1_03_016_2023-02-22T13_05_51.142071.jpg,OTHER,5302183,42c6047333069f1398fc55595c4aa528
datasets/extracted/Set6/images/Test_0015_1_03_016_2023-02-22T14_34_06.160948.jpg,OTHER,5339166,42c6eac842ff1a13ccf9c7a2e190fc68
datasets/extracted/Set6/images/Test_0015_1_03_017_2023-02-22T09_14_02.564511.jpg,OTHER,5135682,096023818991a559922bd558b448d36b
datasets/extracted/Set6/images/Test_0015_1_03_017_2023-02-22T09_37_23.328507.jpg,OTHER,5214283,b95e4ea3f2e764fae645e94e7ed8770b
datasets/extracted/Set6/images/Test_0015_1_03_017_2023-02-22T10_00_34.428159.jpg,OTHER,5269757,0407d9cc789b53fcf8a34f3fb0f0869e
datasets/extracted/Set6/images/Test_0015_1_03_017_2023-02-22T10_29_21.663548.jpg,OTHER,5271652,73417f73cf48d97c05c2b45ea603744e
datasets/extracted/Set6/images/Test_0015_1_03_017_2023-02-22T10_52_53.486863.jpg,OTHER,5272800,a41f7d92de2d003c7badf68928b07da1
datasets/extracted/Set6/images/Test_0015_1_03_017_2023-02-22T13_07_22.223528.jpg,OTHER,5305721,b13d9befd6130a7bf5a08a11392ec634
datasets/extracted/Set6/images/Test_0015_1_03_017_2023-02-22T14_35_35.738421.jpg,OTHER,5344245,b738a2c0b7a9cd703a013cd8628731d1
datasets/extracted/Set6/images/Test_0015_1_03_018_2023-02-22T09_15_44.878026.jpg,OTHER,5201559,8271fdd1e7651fe32df4a4461f66c26e
datasets/extracted/Set6/images/Test_0015_1_03_018_2023-02-22T09_39_05.436324.jpg,OTHER,5210030,4c3ebd845fcf18af831f0b0c441abcee
datasets/extracted/Set6/images/Test_0015_1_03_018_2023-02-22T10_02_16.595042.jpg,OTHER,5272605,2af2fc5df4ddcc11693f42a66001f469
datasets/extracted/Set6/images/Test_0015_1_03_018_2023-02-22T10_31_04.059897.jpg,OTHER,5253639,0a5f3a8b15ec9c870fef3bd3b2751b59
datasets/extracted/Set6/images/Test_0015_1_03_018_2023-02-22T10_54_35.947203.jpg,OTHER,5255842,e793cc3b0c641174092d0d71f72988ae
datasets/extracted/Set6/images/Test_0015_1_03_018_2023-02-22T13_08_53.222079.jpg,OTHER,5306523,600b22a0e21e016b939fcd9bb8ba9047
datasets/extracted/Set6/images/Test_0015_1_03_018_2023-02-22T14_37_06.553360.jpg,OTHER,5333121,c3cd8d3b51f15629e5338970fbbbec6e
datasets/extracted/Set6/images/Test_0015_1_03_019_2023-02-22T09_17_27.040650.jpg,OTHER,5190001,a97824cbaba70ecb6d3abbb213e2bdd8
datasets/extracted/Set6/images/Test_0015_1_03_019_2023-02-22T09_40_46.534234.jpg,OTHER,5196034,bfc286923b1e01a3fa396c7d279bf01b
datasets/extracted/Set6/images/Test_0015_1_03_019_2023-02-22T10_03_57.608339.jpg,OTHER,5299884,b8cad905e908a0956fbbd0e2edb4094a
datasets/extracted/Set6/images/Test_0015_1_03_019_2023-02-22T10_32_45.008972.jpg,OTHER,5252882,0ba92c05e7cab104503260d7ffc06e72
datasets/extracted/Set6/images/Test_0015_1_03_019_2023-02-22T10_56_18.546030.jpg,OTHER,5295560,fb178a053803648457cd4e44faac488c
datasets/extracted/Set6/images/Test_0015_1_03_019_2023-02-22T13_10_24.604678.jpg,OTHER,5310955,6eebc4a77db40306cbbabc63f100dc8d
datasets/extracted/Set6/images/Test_0015_1_03_019_2023-02-22T14_38_37.570652.jpg,OTHER,5300264,8e4e0dd3f656c763d643492f8efbaf9a
datasets/extracted/Set6/images/Test_0015_1_03_020_2023-02-22T09_19_08.045597.jpg,OTHER,5212360,9ee091baf2070f1c6b1216cae54f6b85
datasets/extracted/Set6/images/Test_0015_1_03_020_2023-02-22T09_42_28.731844.jpg,OTHER,5228915,4b6ee03e5b47b5d84dda185d17f54f49
datasets/extracted/Set6/images/Test_0015_1_03_020_2023-02-22T10_05_40.174295.jpg,OTHER,5247979,74fff24cfa21dae758691ab7bbb3927c
datasets/extracted/Set6/images/Test_0015_1_03_020_2023-02-22T10_34_27.352021.jpg,OTHER,5256035,39db661b45c8c69b3b2b1f216e6637dd
datasets/extracted/Set6/images/Test_0015_1_03_020_2023-02-22T10_58_00.670087.jpg,OTHER,5286849,fd1c637be3aec8baaa9d1f7978388436
datasets/extracted/Set6/images/Test_0015_1_03_020_2023-02-22T13_11_55.651041.jpg,OTHER,5312179,d5569d96bf0d788b0eae634716a7cbef
datasets/extracted/Set6/images/Test_0015_1_03_020_2023-02-22T14_40_07.179506.jpg,OTHER,5233553,803d589da9aa2ea5f103261ab729f373
datasets/extracted/Set6/images/Test_0015_1_03_021_2023-02-22T09_20_50.463122.jpg,OTHER,5186216,7e2c45c1471ce4ae2b9a93922af5d880
datasets/extracted/Set6/images/Test_0015_1_03_021_2023-02-22T13_13_26.423122.jpg,OTHER,5316788,5bd6ae5e5ab68ddfe1542d28ac48747e
datasets/extracted/Set6/images/Test_0015_1_03_021_2023-02-22T14_41_38.100200.jpg,OTHER,5259589,0b96270decf9d962583102c9482a9f01
datasets/extracted/Set6/images/Test_0015_1_03_022_2023-02-22T13_14_57.285984.jpg,OTHER,5332401,1b1c7b901fa33556ad0acfac3e2c2655
datasets/extracted/Set6/images/Test_0015_1_03_022_2023-02-22T14_43_08.772595.jpg,OTHER,5239486,829aa0f87b77e97464a3c3cb9a5d5073
datasets/extracted/Set6/images/Test_0015_1_03_023_2023-02-22T13_16_28.280496.jpg,OTHER,5327235,b1e6de6cdbfc0737440c11d05028376f
datasets/extracted/Set6/images/Test_0015_1_03_023_2023-02-22T14_44_39.649336.jpg,OTHER,5342382,b02a74f380b5cb826a0ddd0df1aa4a66
datasets/extracted/Set6/images/Test_0015_1_03_024_2023-02-22T13_17_59.128346.jpg,OTHER,5334720,a141f03ba46f5f4d61e3743b1c16fd9d
datasets/extracted/Set6/images/Test_0015_1_03_024_2023-02-22T14_46_10.396919.jpg,OTHER,5344089,79da4e9bbe15e8df727c19ff9e881b2d
datasets/extracted/Set6/images/Test_0015_1_03_025_2023-02-22T13_19_30.367795.jpg,OTHER,5342205,73a9fb0d08c01e5258572888226992bb
datasets/extracted/Set6/images/Test_0015_1_03_025_2023-02-22T14_47_39.935247.jpg,OTHER,5371780,ed2e97280f3762142aff2bb362f645fd
datasets/extracted/Set6/images/Test_0015_1_03_026_2023-02-22T13_21_01.500728.jpg,OTHER,5345076,d2f3231346440b73b92b349684bdad14
datasets/extracted/Set6/images/Test_0015_1_03_026_2023-02-22T14_47_43.110669.jpg,OTHER,5366747,f455a62bc695399ae8b204858fd50621
datasets/extracted/Set6/images/Test_0015_1_03_027_2023-02-22T13_22_34.028108.jpg,OTHER,5341287,a28189ad02ed8dd78ff24a7bab273530
datasets/extracted/Set6/images/Test_0015_1_03_027_2023-02-22T14_49_11.219895.jpg,OTHER,5349874,6082f1d1926fb975f463ad5149a3a3ca
datasets/extracted/Set6/images/Test_0015_1_03_028_2023-02-22T13_24_05.301389.jpg,OTHER,5346303,988579f6e4510bf8fbc5166c65da8eb5
datasets/extracted/Set6/images/Test_0015_1_03_028_2023-02-22T14_50_41.996192.jpg,OTHER,5325100,aa9b1f31eeefc62c585e8c62ef014549
datasets/extracted/Set6/images/Test_0015_1_03_029_2023-02-22T13_25_36.575942.jpg,OTHER,5338948,68c13fddd3a7cfa0603d19916032328c
datasets/extracted/Set6/images/Test_0015_1_03_029_2023-02-22T14_52_12.912793.jpg,OTHER,5301532,b5b3836141e4bb0c47a4f99cd6df0d12
datasets/extracted/Set6/images/Test_0015_1_03_030_2023-02-22T13_27_07.648731.jpg,OTHER,5352550,829b4aa02d874ab3e6575d14108ae58e
datasets/extracted/Set6/images/Test_0015_1_03_030_2023-02-22T14_53_43.676534.jpg,OTHER,5268509,bcb02da604dce633ddd659029e1658a2
datasets/extracted/Set6/images/Test_0015_1_03_031_2023-02-22T13_28_38.607476.jpg,OTHER,5345620,255261b8b4645896394dd71de858a962
datasets/extracted/Set6/images/Test_0015_1_03_031_2023-02-22T14_55_13.311293.jpg,OTHER,5325839,ed02b2b50f2e00eace934becaa922a57
datasets/extracted/Set6/images/Test_0015_1_03_032_2023-02-22T13_30_09.400097.jpg,OTHER,5352955,f1a7159d9628b81fca74f6b4a6f9ecec
datasets/extracted/Set6/images/Test_0015_1_03_032_2023-02-22T14_56_44.546187.jpg,OTHER,5287388,89aa91ebe7fdb7fe7e67d97bb0f03f12
datasets/extracted/Set6/images/Test_0015_1_03_033_2023-02-22T13_31_40.572417.jpg,OTHER,5350471,109d671d9b9ba9e00061aad63dd935ae
datasets/extracted/Set6/images/Test_0015_1_03_033_2023-02-22T14_58_15.366783.jpg,OTHER,5306189,07726791b7dc5efc1f552b1adf767c8a
datasets/extracted/Set6/images/Test_0015_1_03_034_2023-02-22T13_33_13.342719.jpg,OTHER,5354616,bed5afbc7e66988f01dc00e7cdc3949a
datasets/extracted/Set6/images/Test_0015_1_03_034_2023-02-22T14_59_46.184133.jpg,OTHER,5376365,9e5ebb9aa8e762acfdc994075b728266
datasets/extracted/Set6/images/Test_0015_1_03_035_2023-02-22T13_34_43.281199.jpg,OTHER,5351468,bca53f2f47356741b32c0f42f133ea28
datasets/extracted/Set6/images/Test_0015_1_03_035_2023-02-22T15_01_17.019508.jpg,OTHER,5326618,ee0d85009e592ff19c4c1a110571fb81
datasets/extracted/Set6/images/Test_0015_1_03_036_2023-02-22T13_36_16.070797.jpg,OTHER,5347993,feaf70d479604a1f18eaef626d3c85b4
datasets/extracted/Set6/images/Test_0015_1_03_036_2023-02-22T15_02_46.769806.jpg,OTHER,5394297,7e94a41251bb133634583bd7f44d0032
datasets/extracted/Set6/images/Test_0015_1_03_037_2023-02-22T13_37_47.035161.jpg,OTHER,5348939,8e973cf5fc51016702f2624f7a9be551
datasets/extracted/Set6/images/Test_0015_1_03_037_2023-02-22T15_04_17.785279.jpg,OTHER,5307973,709e56d4ffca1cf86d6a9ecf776047fd
datasets/extracted/Set6/images/Test_0015_1_03_038_2023-02-22T13_39_18.253759.jpg,OTHER,5344361,4d311669108d6df6879587f23231d838
datasets/extracted/Set6/images/Test_0015_1_03_038_2023-02-22T15_05_48.725739.jpg,OTHER,5316737,4b52a7b4219fc4a2b633f1fa2352e09c
datasets/extracted/Set6/images/Test_0015_1_03_039_2023-02-22T13_40_49.111285.jpg,OTHER,5351792,8cc97e2fe8e9b5eca34a49635e9c301e
datasets/extracted/Set6/images/Test_0015_1_03_039_2023-02-22T15_07_19.643984.jpg,OTHER,5305204,0bd607078f8bfcfc40e3e6ce4b956ed4
datasets/extracted/Set6/images/Test_0015_1_03_040_2023-02-22T13_42_21.868935.jpg,OTHER,5352130,b8e0c49c7110e42e0b9e4297ffe498e5
datasets/extracted/Set6/images/Test_0015_1_03_040_2023-02-22T15_08_49.268105.jpg,OTHER,5394625,f8524e54ced0674c6aca85ad234cff91
datasets/extracted/Set6/images/Test_0015_1_03_041_2023-02-22T13_43_53.119673.jpg,OTHER,5347432,55e3ded8449fcdedfe900dc1199ac629
datasets/extracted/Set6/images/Test_0015_1_03_041_2023-02-22T15_10_20.483014.jpg,OTHER,5334538,140623b8a506b7a10faff260b30de531
datasets/extracted/Set6/images/Test_0015_1_03_042_2023-02-22T13_45_24.146623.jpg,OTHER,5360263,32e9833943dbdf8382d7795d195525b5
datasets/extracted/Set6/images/Test_0015_1_03_042_2023-02-22T15_11_51.473449.jpg,OTHER,5301055,4b7827d4cae6fa332ff6e3b8fcb799c7
datasets/extracted/Set6/images/Test_0015_1_03_043_2023-02-22T13_46_56.713485.jpg,OTHER,5359980,4b8ed00b4f89fb6f47b8fd2133d0ae25
datasets/extracted/Set6/images/Test_0015_1_03_043_2023-02-22T15_13_22.501545.jpg,OTHER,5300235,f720779d9a80988d039860f1eefe9486
datasets/extracted/Set6/images/Test_0015_1_03_044_2023-02-22T13_48_27.913134.jpg,OTHER,5356955,e48448511be4964b5c3a71fef7a942ee
datasets/extracted/Set6/images/Test_0015_1_03_044_2023-02-22T15_14_52.190023.jpg,OTHER,5335725,09504fd3c8a0427ce7f2c8059479bb04
datasets/extracted/Set6/images/Test_0015_1_03_045_2023-02-22T13_49_58.899282.jpg,OTHER,5354169,e4673f47fa8d5653f3842bb161647cbd
datasets/extracted/Set6/images/Test_0015_1_03_045_2023-02-22T15_16_22.967152.jpg,OTHER,5381710,8fa31833e617c5103a7c2dbdde92adcf
datasets/extracted/Set6/images/Test_0015_1_03_046_2023-02-22T13_51_30.065642.jpg,OTHER,5353579,c74dee2532c6b5501cae8a3e6a4f8fb8
datasets/extracted/Set6/images/Test_0015_1_03_046_2023-02-22T15_17_54.081787.jpg,OTHER,5374603,783cf888bd6aa339edbaa45b8493873c
datasets/extracted/Set6/images/Test_0015_1_03_047_2023-02-22T13_53_02.818956.jpg,OTHER,5358447,897c1b3ef48ae5ef07c144ed6e53185b
datasets/extracted/Set6/images/Test_0015_1_03_047_2023-02-22T15_19_25.069995.jpg,OTHER,5349844,db42d6da8f00349383f48b03a1a869d0
datasets/extracted/Set6/images/Test_0015_1_03_048_2023-02-22T13_54_33.800024.jpg,OTHER,5348943,cb1d66733abe2ea8afb62ed391427176
datasets/extracted/Set6/images/Test_0015_1_03_048_2023-02-22T15_20_55.991922.jpg,OTHER,5401105,e8856235e1a2fe6fd2732967471d11df
datasets/extracted/Set6/images/Test_0015_1_03_049_2023-02-22T13_56_04.961745.jpg,OTHER,5346588,f3d61a86222bc90bd7c94a78ba48a90c
datasets/extracted/Set6/images/Test_0015_1_03_049_2023-02-22T15_22_26.658795.jpg,OTHER,5369980,ecaba030715c79e8bf2e0a428c78fde9
datasets/extracted/Set6/images/Test_0015_1_03_050_2023-02-22T13_57_37.611397.jpg,OTHER,5341523,e3aa19b72417b2d5d3f276116e504de5
datasets/extracted/Set6/images/Test_0015_1_03_050_2023-02-22T15_23_57.660552.jpg,OTHER,5372852,a2671033bf7c184e5add0cf37387417c
datasets/extracted/Set6/images/Test_0015_1_03_051_2023-02-22T13_59_08.895373.jpg,OTHER,5353701,d114807f3736fcc2cacdbcc0f35ec005
datasets/extracted/Set6/images/Test_0015_1_03_051_2023-02-22T15_25_28.520053.jpg,OTHER,5314158,b864e08c9dc3edaa0a40508b97b8b418
datasets/extracted/Set6/images/Test_0015_1_03_052_2023-02-22T14_00_41.265141.jpg,OTHER,5347645,f2ac715b226fa062e0551c9da29625eb
datasets/extracted/Set6/images/Test_0015_1_03_052_2023-02-22T15_26_59.616111.jpg,OTHER,5397951,ac04d8587ccb2dca66ea084c64ebaad4
datasets/extracted/Set6/images/Test_0015_1_03_053_2023-02-22T14_02_12.188390.jpg,OTHER,5342421,40e7e81509af824847b9daa5b690e551
datasets/extracted/Set6/images/Test_0015_1_03_053_2023-02-22T15_28_29.208502.jpg,OTHER,5305588,b00e7a84f6d15e17839948d0adeb1760
datasets/extracted/Set6/images/Test_0015_1_03_054_2023-02-22T14_03_43.336968.jpg,OTHER,5336540,20d74a786babcd0f35934181f2afac51
datasets/extracted/Set6/images/Test_0015_1_03_054_2023-02-22T15_30_00.242243.jpg,OTHER,5307294,33265517e40146be639a931dd1c31c30
datasets/extracted/Set6/images/Test_0015_1_03_055_2023-02-22T14_03_46.488053.jpg,OTHER,5323933,fc692075e2ddf78f0917cbf7173db78c
datasets/extracted/Set6/images/Test_0015_1_03_055_2023-02-22T15_31_31.287405.jpg,OTHER,5291577,77ce24f2397372c40ef99377430f4a93
datasets/extracted/Set6/images/Test_0015_1_03_056_2023-02-22T14_05_15.968788.jpg,OTHER,5318646,bf04090e3c94868c5578fdd372f268cc
datasets/extracted/Set6/images/Test_0015_1_03_056_2023-02-22T15_33_02.350325.jpg,OTHER,5349024,11149aecaab868606bd7a411ef6b5810
datasets/extracted/Set6/images/Test_0015_1_03_057_2023-02-22T14_06_46.884483.jpg,OTHER,5337816,fe5cadfe2db43582fb4d25c99327eee6
datasets/extracted/Set6/images/Test_0015_1_03_057_2023-02-22T15_34_33.204578.jpg,OTHER,5342496,e87b13a6fe91558cfe0af3bf4573aebf
datasets/extracted/Set6/images/Test_0015_1_03_058_2023-02-22T14_08_19.693148.jpg,OTHER,5341091,30f6a45746c8c9d8c191adf9205087c7
datasets/extracted/Set6/images/Test_0015_1_03_058_2023-02-22T15_36_03.967392.jpg,OTHER,5339864,62b33fca7db250bdbe9986b679065452
datasets/extracted/Set6/images/Test_0015_1_03_059_2023-02-22T14_09_50.620005.jpg,OTHER,5328997,9b21fdcfb28a1b2ddab4a3a1b173fb91
datasets/extracted/Set6/images/Test_0015_1_03_059_2023-02-22T15_37_34.960869.jpg,OTHER,5359641,70b95962ad327255c453223055ad29f1
datasets/extracted/Set6/images/Test_0015_1_03_060_2023-02-22T14_11_23.409891.jpg,OTHER,5334448,08329edbba84080f99199c6363f4921b
datasets/extracted/Set6/images/Test_0015_1_03_060_2023-02-22T15_39_06.176492.jpg,OTHER,5328932,421f6643cb5e160e2c2fe1a925a3cee2
datasets/extracted/Set6/images/Test_0015_1_03_061_2023-02-22T14_12_54.182360.jpg,OTHER,5313991,9c9248107f2cbaea0b6e611cc4fe3fb5
datasets/extracted/Set6/images/Test_0015_1_03_061_2023-02-22T15_40_37.082503.jpg,OTHER,5326413,9f36e2e79057d52d454ad8f73d23d79d
datasets/extracted/Set6/images/Test_0015_1_03_062_2023-02-22T14_14_26.269273.jpg,OTHER,5342866,4936cf2c44c0306ebbf6eed40588f72b
datasets/extracted/Set6/images/Test_0015_1_03_062_2023-02-22T15_42_07.987963.jpg,OTHER,5287443,5ca787485185aaa2aa3e9779f7ca002e
datasets/extracted/Set7/images/Test_0015_1_00_000_2023-02-23T09_08_10.450701.jpg,OTHER,5082259,3860ba588039540462fb3d55cb147912
datasets/extracted/Set7/images/Test_0015_1_00_001_2023-02-23T09_09_44.183240.jpg,OTHER,5120329,047c862f883b1c6d261bdfcb64d1989e
datasets/extracted/Set7/images/Test_0015_1_00_002_2023-02-23T09_11_18.495322.jpg,OTHER,5164415,518efe11dc3f2c7ab5f8cef57aabfb35
datasets/extracted/Set7/images/Test_0015_1_00_003_2023-02-23T09_12_54.219201.jpg,OTHER,5174143,bde1d909cb6507d8717bf471beaf8fa6
datasets/extracted/Set7/images/Test_0015_1_00_004_2023-02-23T09_14_28.557249.jpg,OTHER,5182697,d6c9c7f7fe740de08e577f6ea3c4e66e
datasets/extracted/Set7/images/Test_0015_1_00_005_2023-02-23T09_16_04.122891.jpg,OTHER,5184505,a780a271ae4589c0e0a98c55a9249b34
datasets/extracted/Set7/images/Test_0015_1_00_006_2023-02-23T09_17_38.447603.jpg,OTHER,5186872,06ca1281817195b0bbddd495c11fefd0
datasets/extracted/Set7/images/Test_0015_1_00_007_2023-02-23T09_19_12.677100.jpg,OTHER,5180101,674942d9800ee5b1ef1e830733ccf67c
datasets/extracted/Set7/images/Test_0015_1_00_008_2023-02-23T09_20_48.284118.jpg,OTHER,5173993,08d8a7415a97f3fc8fb4479c9f1c4b7f
datasets/extracted/Set7/images/Test_0015_1_00_009_2023-02-23T09_22_22.497589.jpg,OTHER,5188796,ab5a2b0df0f2943b30accd9c28fa2743
datasets/extracted/Set7/images/Test_0015_1_00_010_2023-02-23T09_23_58.285808.jpg,OTHER,5173807,13202b890e70bf88fb40de9b5ac742e0
datasets/extracted/Set7/images/Test_0015_1_00_011_2023-02-23T09_25_32.506384.jpg,OTHER,5187814,b8b9b4829161bcac55e6cd7d499ed4ee
datasets/extracted/Set7/images/Test_0015_1_00_012_2023-02-23T09_27_08.504708.jpg,OTHER,5164176,ab6b0f4d7ce6f0cd93bb375d6244f4fb
datasets/extracted/Set7/images/Test_0015_1_00_013_2023-02-23T09_28_43.003402.jpg,OTHER,5200508,36fbea700296d66dada33bcc08c6b837
datasets/extracted/Set7/images/Test_0015_1_00_014_2023-02-23T09_30_18.598906.jpg,OTHER,5136572,2cbe36237269e74ed72da2b78aa92f5a
datasets/extracted/Set7/images/Test_0015_1_00_015_2023-02-23T09_31_52.908752.jpg,OTHER,5239216,e5da7415e018192201562a76768c59c2
datasets/extracted/Set7/images/Test_0015_1_00_016_2023-02-23T09_33_28.353261.jpg,OTHER,5166375,c8f3ccd90d8730163ae9ce1371c16c60
datasets/extracted/Set7/images/Test_0015_1_00_017_2023-02-23T09_35_02.733621.jpg,OTHER,5156245,eeec15012629d3059353be85c17f820a
datasets/extracted/Set7/images/Test_0015_1_00_018_2023-02-23T09_36_38.454084.jpg,OTHER,5168620,fa7e50cd2e1eacf108e9f12aa3b8f64a
datasets/extracted/Set7/images/Test_0015_1_00_019_2023-02-23T09_38_14.231993.jpg,OTHER,5150628,a5cc89b263c8f222d560f70b7c694ddc
datasets/extracted/Set7/images/Test_0015_1_00_020_2023-02-23T09_39_48.439870.jpg,OTHER,5133789,1d92e5b6241643b2642eff46a689d980
datasets/extracted/Set7/images/Test_0015_1_00_021_2023-02-23T09_41_24.044779.jpg,OTHER,5120769,dd5521df3e09ad67d8b44820232ee8f7
datasets/extracted/Set7/images/Test_0015_1_00_022_2023-02-23T09_42_59.763156.jpg,OTHER,5128406,721fe0fd7a9b34747c1f568423afda50
datasets/extracted/Set7/images/Test_0015_1_00_023_2023-02-23T09_44_34.089404.jpg,OTHER,5143596,ee442474a13b83dc10793e94a2584db1
datasets/extracted/Set7/images/Test_0015_1_00_024_2023-02-23T09_46_09.653589.jpg,OTHER,5120685,1d5a3a0574d63c52d502de72a5e6ea44
datasets/extracted/Set7/images/Test_0015_1_00_025_2023-02-23T09_47_45.347886.jpg,OTHER,5114821,fd5429997df8a2867652bc1b860c5182
datasets/extracted/Set7/images/Test_0015_1_00_026_2023-02-23T09_49_19.916357.jpg,OTHER,5132330,048e13c51a4375d1be561dc6883e744b
datasets/extracted/Set7/images/Test_0015_1_00_027_2023-02-23T09_50_55.485768.jpg,OTHER,5152989,498a24a5405c7d3384a9aaf3d7ecd2fb
datasets/extracted/Set7/images/Test_0015_1_00_028_2023-02-23T09_52_29.762008.jpg,OTHER,5123887,c91cac24b8de22509fa270780d7f4ad9
datasets/extracted/Set7/images/Test_0015_1_00_029_2023-02-23T09_54_05.508240.jpg,OTHER,5129854,ab20ad38da10b11567cac2d6a2f4aae6
datasets/extracted/Set7/images/Test_0015_1_00_030_2023-02-23T09_55_41.193564.jpg,OTHER,5132263,f7733c0f6006d3953e1c9120eb817610
datasets/extracted/Set7/images/Test_0015_1_00_031_2023-02-23T09_57_15.611773.jpg,OTHER,5141622,2e916bde058dc9ccc7b48fa85e3d551d
datasets/extracted/Set7/images/Test_0015_1_00_032_2023-02-23T09_58_51.296677.jpg,OTHER,5123726,76319a595d217a47e77565e916a34446
datasets/extracted/Set7/images/Test_0015_1_00_033_2023-02-23T10_00_25.662495.jpg,OTHER,5155460,63d996ad10297f212541364682787cd9
datasets/extracted/Set7/images/Test_0015_1_00_034_2023-02-23T10_02_01.401430.jpg,OTHER,5136377,0ba45a648ded8bd43887ebee4ff87a8b
datasets/extracted/Set7/images/Test_0015_1_00_035_2023-02-23T10_03_35.681173.jpg,OTHER,5123970,4fc18767cc07415f395a647068ea84c1
datasets/extracted/Set7/images/Test_0015_1_00_036_2023-02-23T10_03_38.843344.jpg,OTHER,5120511,1ef4322fdaebf1fc55f07721c3363037
datasets/extracted/Set7/images/Test_0015_1_00_037_2023-02-23T10_05_11.625509.jpg,OTHER,5113241,4e1dc51b7072a28e635965f494ca4f71
datasets/extracted/Set7/images/Test_0015_1_00_038_2023-02-23T10_06_47.290690.jpg,OTHER,5125718,3ece26cfeec6f236aa2617ad1aeaa29d
datasets/extracted/Set7/images/Test_0015_1_00_039_2023-02-23T10_08_22.814776.jpg,OTHER,5123382,ae1d5d3136c87875f4429ec9a0556caf
datasets/extracted/Set7/images/Test_0015_1_00_040_2023-02-23T10_09_58.401284.jpg,OTHER,5113772,decb80231aec852a65a5af2c234e92fb
datasets/extracted/Set7/images/Test_0015_1_00_041_2023-02-23T10_11_33.960263.jpg,OTHER,5153136,4849cb3b9ef8732631c52c845efa5200
datasets/extracted/Set7/images/Test_0015_1_00_042_2023-02-23T10_13_09.581913.jpg,OTHER,5125598,24ffd841b71ceb8f0882b7ddb010fa76
datasets/extracted/Set7/images/Test_0015_1_00_043_2023-02-23T10_14_44.201854.jpg,OTHER,5167129,a30fa642bbffd66be7395d18194c97df
datasets/extracted/Set7/images/Test_0015_1_00_044_2023-02-23T10_16_19.988700.jpg,OTHER,5147230,96ed57588a85cd783d52c6bc2403cecf
datasets/extracted/Set7/images/Test_0015_1_00_045_2023-02-23T10_17_55.828971.jpg,OTHER,5102363,b6fb90e2c43eca3dac3eec65531afe46
datasets/extracted/Set7/images/Test_0015_1_00_046_2023-02-23T10_19_31.400711.jpg,OTHER,5118893,2a4a7fd1d392cc01f3c1f077f8fc42a7
datasets/extracted/Set7/images/Test_0015_1_00_047_2023-02-23T10_21_06.886327.jpg,OTHER,5118690,e13be875a7c1cd2275d3ff63bcfddf44
datasets/extracted/Set7/images/Test_0015_1_00_048_2023-02-23T10_22_42.626892.jpg,OTHER,5174032,07e842eb63222d022bb3de80fc1efe38
datasets/extracted/Set7/images/Test_0015_1_00_049_2023-02-23T10_24_16.802970.jpg,OTHER,5174995,277649cb762a672d3b5ad7747dfb2c94
datasets/extracted/Set7/images/Test_0015_1_00_050_2023-02-23T10_24_20.085835.jpg,OTHER,5214998,2b5595d1aad7088e5846b04f7aa374cf
datasets/extracted/Set7/images/Test_0015_1_00_051_2023-02-23T10_25_52.538083.jpg,OTHER,5263807,389257af662266d4d1476261f1517440
datasets/extracted/Set7/images/Test_0015_1_00_052_2023-02-23T10_46_38.019030.jpg,OTHER,5253025,964956ee65d4e59b5c0b627a7e362e40
datasets/extracted/Set7/images/Test_0015_1_00_053_2023-02-23T10_48_11.175289.jpg,OTHER,5289502,6ee4e24c2ddd813e89b7ae3259b77a36
datasets/extracted/Set7/images/Test_0015_1_00_054_2023-02-23T10_49_45.441888.jpg,OTHER,5233594,983c72394e14f9870bd09d82d803a910
datasets/extracted/Set7/images/Test_0015_1_00_055_2023-02-23T10_51_19.573867.jpg,OTHER,5290699,cac318264490e3b5182f44329e096bd4
datasets/extracted/Set7/images/Test_0015_1_00_056_2023-02-23T10_52_53.712229.jpg,OTHER,5295600,f974cee6cda7cc7b0db9f7ed19678fee
datasets/extracted/Set7/images/Test_0015_1_00_057_2023-02-23T10_54_27.939284.jpg,OTHER,5295892,6ff07124111e2bb8b65a990ddd0a5675
datasets/extracted/Set7/images/Test_0015_1_00_058_2023-02-23T10_56_02.127962.jpg,OTHER,5296709,872eebbbaa4bb82e41fa9b434443744b
datasets/extracted/Set7/images/Test_0015_1_00_059_2023-02-23T10_57_37.743493.jpg,OTHER,5300236,0fa4a76242581cbcb3b1c2b3a8085b62
datasets/extracted/Set7/images/Test_0015_1_00_060_2023-02-23T10_59_11.891378.jpg,OTHER,5299480,baf04d043acc2282c8809b718fd152a6
datasets/extracted/Set7/images/Test_0015_1_00_061_2023-02-23T11_00_46.254192.jpg,OTHER,5290615,4a7bd78dd9a43fe8983fd41f08bb157c
datasets/extracted/Set7/images/Test_0015_1_00_062_2023-02-23T11_02_20.604833.jpg,OTHER,5239877,ee5430813e7ccf4cafa1cc2c4207091f
datasets/extracted/Set7/images/Test_0015_1_00_063_2023-02-23T11_03_54.619984.jpg,OTHER,5181703,13d0862a16c0b558ded00012ce2dd15a
datasets/extracted/Set7/images/Test_0015_1_00_064_2023-02-23T11_05_28.591761.jpg,OTHER,5196933,2fcd926337f033f2acf7e60031e932be
datasets/extracted/Set7/images/Test_0015_1_00_065_2023-02-23T11_07_02.609509.jpg,OTHER,5233069,1cdb10564f57406114b2328af102733f
datasets/extracted/Set7/images/Test_0015_1_00_066_2023-02-23T11_08_36.774312.jpg,OTHER,5238754,7eb7e3e5c601c591c1fa28fdc0f9bb04
datasets/extracted/Set7/images/Test_0015_1_00_067_2023-02-23T11_10_11.089800.jpg,OTHER,5233717,03c58e7665e2d4320e9063380298a742
datasets/extracted/Set7/images/Test_0015_1_00_068_2023-02-23T11_11_46.856285.jpg,OTHER,5251960,ead19a1fc314cb81c6054c87a2244bd6
datasets/extracted/Set7/images/Test_0015_1_00_069_2023-02-23T11_13_21.175494.jpg,OTHER,5244904,6af08c0601ab62b823784880c37d3572
datasets/extracted/Set7/images/Test_0015_1_00_070_2023-02-23T11_14_55.397267.jpg,OTHER,5252133,7b0e46c4b583615617260727a1632deb
datasets/extracted/Set7/images/Test_0015_1_00_071_2023-02-23T11_16_29.555878.jpg,OTHER,5247189,01532e16bc7358375f8e88f575f98393
datasets/extracted/Set7/images/Test_0015_1_00_072_2023-02-23T11_18_03.824340.jpg,OTHER,5290393,5e1299c23015fa4683ff7aa8c5e30ce7
datasets/extracted/Set7/images/Test_0015_1_00_073_2023-02-23T11_19_37.923637.jpg,OTHER,5246758,a407c724b3465c60637c7f2eebe78442
datasets/extracted/Set7/images/Test_0015_1_00_074_2023-02-23T11_21_12.197733.jpg,OTHER,5241741,4cb121db30ad99695d98585028e227a9
datasets/extracted/Set7/images/Test_0015_1_00_075_2023-02-23T11_22_46.359274.jpg,OTHER,5268710,53caee82010734686ce21a33d45019cd
datasets/extracted/Set7/images/Test_0015_1_00_076_2023-02-23T11_22_49.516921.jpg,OTHER,5324843,09c5fc4891c8090cfb230cee38fb50fc
datasets/extracted/Set7/images/Test_0015_1_00_077_2023-02-23T11_24_22.134979.jpg,OTHER,5330015,1a2913346f840e3ec46dcdbfed5ac0c0
datasets/extracted/Set7/images/Test_0015_1_00_078_2023-02-23T11_25_56.521594.jpg,OTHER,5255186,cbbb6276df82967bdd3a3e770f5c8961
datasets/extracted/Set7/images/Test_0015_1_00_079_2023-02-23T11_27_30.753677.jpg,OTHER,5252527,c800f74035d74d0e708f7e37be8241a5
datasets/extracted/Set7/images/Test_0015_1_00_080_2023-02-23T11_29_04.997114.jpg,OTHER,5250280,37c31a499cf9c6da88992ae943b55382
datasets/extracted/Set7/images/Test_0015_1_00_081_2023-02-23T11_30_39.406324.jpg,OTHER,5250803,1902dca583372003a5ab776168e58a63
datasets/extracted/Set7/images/Test_0015_1_00_082_2023-02-23T11_32_13.671467.jpg,OTHER,5248125,03494e8292c8b181e00bbe6d1f8db5ca
datasets/extracted/Set7/images/Test_0015_1_00_083_2023-02-23T11_33_48.095364.jpg,OTHER,5246040,a8b777de4980e4525a146daa67179c30
datasets/extracted/Set7/images/Test_0015_1_00_084_2023-02-23T11_35_23.763565.jpg,OTHER,5256900,7aa53b89674d1e2e568ccd94799f38d0
datasets/extracted/Set7/images/Test_0015_1_00_085_2023-02-23T11_36_58.156425.jpg,OTHER,5260525,762d90d0e87c00d5cd34f73317c4829a
datasets/extracted/Set7/images/Test_0015_1_00_086_2023-02-23T11_38_32.373908.jpg,OTHER,5268207,1f0711e000c1173bf23c283e0696c3c9
datasets/extracted/Set7/images/Test_0015_1_00_087_2023-02-23T11_40_06.653842.jpg,OTHER,5334690,eaeafc82eea923bbbe0e9749dbfc34ad
datasets/extracted/Set7/images/Test_0015_1_00_088_2023-02-23T11_41_40.774714.jpg,OTHER,5341579,b2a544b39038cff2f0c13b386c2820a5
datasets/extracted/Set7/images/Test_0015_1_00_089_2023-02-23T11_43_16.598246.jpg,OTHER,5334661,8ddccb90f47fbd2a1fd2676116c6d401
datasets/extracted/Set7/images/Test_0015_1_00_090_2023-02-23T11_44_50.796514.jpg,OTHER,5299404,27552a22a8f245818fc8dcb98ab65403
datasets/extracted/Set7/images/Test_0015_1_00_091_2023-02-23T11_46_24.987136.jpg,OTHER,5280442,c6840217b7d89b94fb6bb925eec56d2d
datasets/extracted/Set7/images/Test_0015_1_00_092_2023-02-23T11_47_59.251819.jpg,OTHER,5334025,676a2e6ecf8fc928d13b7bf98855ead0
datasets/extracted/Set7/images/Test_0015_1_00_093_2023-02-23T11_48_02.356114.jpg,OTHER,5275677,716bf4c7b48c50a3c67879897f1bfcfc
datasets/extracted/Set7/images/Test_0015_1_00_094_2023-02-23T11_49_33.641370.jpg,OTHER,5272173,91c6a571a9c5473819f13be45c6ae0a1
datasets/extracted/Set7/images/Test_0015_1_00_095_2023-02-23T11_51_09.468933.jpg,OTHER,5292291,83bb29a7f5b3daa440da4ac062e35376
datasets/extracted/Set7/images/Test_0015_1_00_096_2023-02-23T11_52_43.602076.jpg,OTHER,5321534,5bf551a0d91c5011a3a1008a2362caa7
datasets/extracted/Set7/images/Test_0015_1_00_097_2023-02-23T11_54_17.917155.jpg,OTHER,5271009,ef32287f0331ee06370da392fec53d7a
datasets/extracted/Set7/images/Test_0015_1_00_098_2023-02-23T11_55_52.217550.jpg,OTHER,5330245,618d1091cbe9893e9cde67da9de1c7d5
datasets/extracted/Set7/images/Test_0015_1_00_099_2023-02-23T11_57_28.176747.jpg,OTHER,5330887,5a73d5b7995b9bad922dbdcdd2d6047f
datasets/extracted/Set7/images/Test_0015_1_00_100_2023-02-23T11_59_02.539913.jpg,OTHER,5317683,fc6d9cb8ae7b3ac7649910c4dc97e4b9
datasets/extracted/Set7/images/Test_0015_1_00_101_2023-02-23T12_00_36.971686.jpg,OTHER,5276798,42b3b250909f731431ed6b9f2c5637e2
datasets/extracted/Set7/images/Test_0015_1_00_102_2023-02-23T12_02_11.323410.jpg,OTHER,5338651,814666f543d8d44f6d177ae150f35cff
datasets/extracted/Set7/images/Test_0015_1_00_103_2023-02-23T12_02_14.519430.jpg,OTHER,5319406,cdb51994d05e98f0e9d3ad81b48ea980
datasets/extracted/Set7/images/Test_0015_1_00_104_2023-02-23T12_03_45.800858.jpg,OTHER,5268061,31daf9fdbc3501218c0d7007eb0eaf5f
datasets/extracted/Set8/images/Test_0015_1_00_000_2023-02-24T08_48_55.537844.jpg,OTHER,5099391,34c901d55b560c88dec0afbcaace26e5
datasets/extracted/Set8/images/Test_0015_1_00_001_2023-02-24T08_50_27.496254.jpg,OTHER,5052916,fba45f012054416eb53025e7a64f8c0b
datasets/extracted/Set8/images/Test_0015_1_00_002_2023-02-24T08_52_00.242322.jpg,OTHER,5054797,ae6c798ecad31c6ea0328b6ec2030ad6
datasets/extracted/Set8/images/Test_0015_1_00_003_2023-02-24T08_53_32.996017.jpg,OTHER,5049052,8f35c317dbb46c71f2faaf869fe34027
datasets/extracted/Set8/images/Test_0015_1_00_004_2023-02-24T08_53_36.177888.jpg,OTHER,5040216,edce1c9daa11dffe3b536e9b72f3f3f9
datasets/extracted/Set8/images/Test_0015_1_00_005_2023-02-24T08_55_07.185556.jpg,OTHER,5050690,56c18c73edc9888dd65a4af373fecb39
datasets/extracted/Set8/images/Test_0015_1_00_006_2023-02-24T08_56_39.866128.jpg,OTHER,5050285,e69742b8d20a2ab57f14b66a06cfacbe
datasets/extracted/Set8/images/Test_0015_1_00_007_2023-02-24T08_58_12.298931.jpg,OTHER,5058821,71e57b16facf0769a80a0514873662e5
datasets/extracted/Set8/images/Test_0015_1_00_008_2023-02-24T08_59_44.832407.jpg,OTHER,5058112,c26125af494484b3287b5483441c3e38
datasets/extracted/Set8/images/Test_0015_1_00_009_2023-02-24T09_01_17.338032.jpg,OTHER,5056267,384a9f5919b6be5b1b58a143b6378035
datasets/extracted/Set8/images/Test_0015_1_00_010_2023-02-24T09_02_49.879320.jpg,OTHER,5042520,741a1d3127e1cbaf0c90809dbf1aa0c5
datasets/extracted/Set8/images/Test_0015_1_00_011_2023-02-24T09_04_22.491151.jpg,OTHER,5046925,5f1e07c44ec6e52581a1c8616537b94b
datasets/extracted/Set8/images/Test_0015_1_00_012_2023-02-24T09_05_55.249198.jpg,OTHER,5051905,90c23fbeea1e17535c459cadd593bafa
datasets/extracted/Set8/images/Test_0015_1_00_013_2023-02-24T09_07_28.077585.jpg,OTHER,5033304,ff3c6dbb27e13937c7e70c190ead1d95
datasets/extracted/Set8/images/Test_0015_1_00_014_2023-02-24T09_09_02.363389.jpg,OTHER,5022317,b5caed34cc5a68cda74f5236d6181e0b
datasets/extracted/Set8/images/Test_0015_1_00_015_2023-02-24T09_10_34.942949.jpg,OTHER,5032853,fa865d22656a505fb205734b0f1697b9
datasets/extracted/Set8/images/Test_0015_1_00_016_2023-02-24T09_12_07.637557.jpg,OTHER,5030407,7f23f0d5e3c8446399ac2b6f41415e7b
datasets/extracted/Set8/images/Test_0015_1_00_017_2023-02-24T09_13_40.210220.jpg,OTHER,5061378,a902374c39935731adddc1fccf9b3357
datasets/extracted/Set8/images/Test_0015_1_00_018_2023-02-24T09_15_12.847480.jpg,OTHER,5064131,f4ab8048e367426f2b5b06c0f79e4584
datasets/extracted/Set8/images/Test_0015_1_00_019_2023-02-24T09_15_17.611628.jpg,OTHER,6846677,60517534350b14c7a2a0f978d11dcd89
datasets/extracted/Set8/images/Test_0015_1_00_020_2023-02-24T09_16_45.826050.jpg,OTHER,5042620,d044064b0995e22f7d58965aa710bd2e
datasets/extracted/Set8/images/Test_0015_1_00_021_2023-02-24T09_18_20.075449.jpg,OTHER,5045553,9f1487404f3cc6e1dfc4c8857d46c954
datasets/extracted/Set8/images/Test_0015_1_00_022_2023-02-24T09_19_52.851262.jpg,OTHER,5038877,c353a97936296ed72ab0f229eecd48ba
datasets/extracted/Set8/images/Test_0015_1_00_023_2023-02-24T09_21_25.442383.jpg,OTHER,5044347,ea73c78cc741d1afa7bc4290c2762547
datasets/extracted/Set8/images/Test_0015_1_00_024_2023-02-24T09_22_57.998903.jpg,OTHER,5064707,bad2be96957a79f36a36d0a2d72aeba1
datasets/extracted/Set8/images/Test_0015_1_00_025_2023-02-24T09_24_30.782033.jpg,OTHER,5071096,0200f2d53d770e77b4e63615a0393899
datasets/extracted/Set8/images/Test_0015_1_00_026_2023-02-24T09_26_04.981975.jpg,OTHER,5132891,54e8ef000da2aff693ffe548c6c83d1f
datasets/extracted/Set8/images/Test_0015_1_00_027_2023-02-24T09_27_37.582977.jpg,OTHER,5131551,50042d493e4ad884dc2fc83ac9d64858
datasets/extracted/Set8/images/Test_0015_1_00_028_2023-02-24T09_29_10.061186.jpg,OTHER,5140252,21f960993d370b3c22378185d601ce40
datasets/extracted/Set8/images/Test_0015_1_00_029_2023-02-24T09_30_44.159389.jpg,OTHER,5133056,6a11f184f1900c7242f6d05f37447292
datasets/extracted/Set8/images/Test_0015_1_00_030_2023-02-24T09_32_16.759997.jpg,OTHER,5140875,f106ef021d0949fcf00e0f9b8296ea69
datasets/extracted/Set8/images/Test_0015_1_00_031_2023-02-24T09_33_49.310749.jpg,OTHER,5142987,d1430f119bffd2a99b5322ffe4262067
datasets/extracted/Set8/images/Test_0015_1_00_032_2023-02-24T09_35_23.599349.jpg,OTHER,5151734,9e9df06c1c499941ece1333432cb2462
datasets/extracted/Set8/images/Test_0015_1_00_033_2023-02-24T09_36_56.192725.jpg,OTHER,5148187,c13c1a2321e4235b0ec1f7e73c1eeb17
datasets/extracted/Set8/images/Test_0015_1_00_034_2023-02-24T09_38_28.731408.jpg,OTHER,5117212,57d9733da7d4ebb8bf59cd6c40361e2e
datasets/extracted/Set8/images/Test_0015_1_00_035_2023-02-24T09_40_02.960233.jpg,OTHER,5082842,f4261bbb24a6ec55de8a24d041701829
datasets/extracted/Set8/images/Test_0015_1_00_036_2023-02-24T09_41_35.700928.jpg,OTHER,5084634,1a610b50be8136f421c9378fcf7a8adc
datasets/extracted/Set8/images/Test_0015_1_00_037_2023-02-24T09_43_09.754911.jpg,OTHER,5075356,9efd81ccd3606e80f47ca21e279625cc
datasets/extracted/Set8/images/Test_0015_1_00_038_2023-02-24T09_44_42.414304.jpg,OTHER,5071421,e2eb6dd3e59a2bf70b79619a2841dcaf
datasets/extracted/Set8/images/Test_0015_1_00_039_2023-02-24T09_46_16.489627.jpg,OTHER,5077005,941ee9c02ad9c208539cdc3101d017e4
datasets/extracted/Set8/images/Test_0015_1_00_040_2023-02-24T09_47_49.172131.jpg,OTHER,5063691,554afdea985602c949cc3794fba064bc
datasets/extracted/Set8/images/Test_0015_1_00_041_2023-02-24T09_49_23.192248.jpg,OTHER,5085505,f5909e67c56cf7536c5baeeb0043e00d
datasets/extracted/Set8/images/Test_0015_1_00_042_2023-02-24T09_50_55.965992.jpg,OTHER,5088538,2f1694c703036e7acfb10762306c9805
datasets/extracted/Set8/images/Test_0015_1_00_043_2023-02-24T09_52_28.529569.jpg,OTHER,5080596,7dd3846cae454db61e0cad97fe093a6e
datasets/extracted/Set8/images/Test_0015_1_00_044_2023-02-24T09_54_01.238339.jpg,OTHER,5096843,aa50cf95e974b49a4b5da545719ad905
datasets/extracted/Set8/images/Test_0015_1_00_045_2023-02-24T09_55_35.692340.jpg,OTHER,5091783,f0adf4a2d9738c5b9bb2f9e8d091726c
datasets/extracted/Set8/images/Test_0015_1_00_046_2023-02-24T09_57_08.271389.jpg,OTHER,5095202,ab944b07e0df87e55231e710a0621e7e
datasets/extracted/Set8/images/Test_0015_1_00_047_2023-02-24T09_57_11.487029.jpg,OTHER,5084188,42b030cb0cb4febf36f376c6973e709d
datasets/extracted/Set8/images/Test_0015_1_00_048_2023-02-24T09_58_42.662767.jpg,OTHER,5093293,562bc56574cf83dc1b730190c287c0cf
datasets/extracted/Set8/images/Test_0015_1_00_049_2023-02-24T10_00_15.259069.jpg,OTHER,5093343,94f60a0c87811fec653330f28e82260c
datasets/extracted/Set8/images/Test_0015_1_00_050_2023-02-24T10_01_49.741700.jpg,OTHER,5151487,a1b4a4e6d0b60e1b2369ee1ce0a68469
datasets/extracted/Set8/images/Test_0015_1_00_051_2023-02-24T10_03_22.234906.jpg,OTHER,5109394,e67d215ed940eba7bd964b1f36990a8a
datasets/extracted/Set8/images/Test_0015_1_00_052_2023-02-24T10_04_55.973687.jpg,OTHER,5158872,f69101e81125a9bdbc8cc8d74212f590
datasets/extracted/Set8/images/Test_0015_1_02_012_2023-02-24T10_11_13.810531.jpg,OTHER,5156385,71c88a80dd3e393a9c326deedce29be4
datasets/extracted/Set8/images/Test_0015_1_02_013_2023-02-24T10_12_45.801421.jpg,OTHER,5151710,89763e74be49e8a9c431171ae8d51c6b
datasets/extracted/Set8/images/Test_0015_1_02_014_2023-02-24T10_14_18.216405.jpg,OTHER,5145293,2be5c5e2006d29677a137320fa02ed7b
datasets/extracted/Set8/images/Test_0015_1_02_015_2023-02-24T10_15_50.730111.jpg,OTHER,5160746,f4150a5356482c0a6c0720f5c26258b1
datasets/extracted/Set8/images/Test_0015_1_02_016_2023-02-24T10_17_22.014257.jpg,OTHER,5163821,7ab33c6d972b149807941850f00b7ff8
datasets/extracted/Set8/images/Test_0015_1_02_017_2023-02-24T10_18_54.564487.jpg,OTHER,5147452,e02e7bb23c8a7d8e08f8e1cd2e177781
datasets/extracted/Set8/images/Test_0015_1_02_018_2023-02-24T10_20_27.148495.jpg,OTHER,5109716,05ed20755a4f7b88da9a9697a434c36c
datasets/extracted/Set8/images/Test_0015_1_02_019_2023-02-24T10_21_59.636124.jpg,OTHER,5108485,8536a617942790027b213bb41bbdf3a5
datasets/extracted/Set8/images/Test_0015_1_02_020_2023-02-24T10_23_32.217285.jpg,OTHER,5095654,812eb427f9ad51a139cf9b9b42ecd7d4
datasets/extracted/Set8/images/Test_0015_1_02_021_2023-02-24T10_25_04.728362.jpg,OTHER,5114112,60862923728b6b1d2d27665c3f27f369
datasets/extracted/Set8/images/Test_0015_1_02_022_2023-02-24T10_26_35.958366.jpg,OTHER,5165332,1e813ed1458712a716600caaae6b2042
datasets/extracted/Set8/images/Test_0015_1_02_023_2023-02-24T10_28_08.592232.jpg,OTHER,5167405,f85f95c802e2bda95715af2b90f56324
datasets/extracted/Set8/images/Test_0015_1_02_024_2023-02-24T10_29_41.271323.jpg,OTHER,5161902,6cf4351af15bbb342bff2a673670e19a
datasets/extracted/Set8/images/Test_0015_1_02_025_2023-02-24T10_31_13.676120.jpg,OTHER,5128373,0c02d04f30974f80022c590f8524cffb
datasets/extracted/Set8/images/Test_0015_1_02_026_2023-02-24T10_32_46.367373.jpg,OTHER,5128703,c61d4b7e9132f8f6acda80234c68e91c
datasets/extracted/Set8/images/Test_0015_1_02_027_2023-02-24T10_34_18.829215.jpg,OTHER,5131893,1db3b52cd76612d428c8e43592111955
datasets/extracted/Set8/images/Test_0015_1_02_028_2023-02-24T10_35_49.943788.jpg,OTHER,5130859,d69ce9cdec97dae0829a3dc51cdd91de
datasets/extracted/Set8/images/Test_0015_1_02_029_2023-02-24T10_37_22.518238.jpg,OTHER,5137330,807bea93f116c4fa52b370d4f33c904c
datasets/extracted/Set8/images/Test_0015_1_02_030_2023-02-24T10_38_55.148721.jpg,OTHER,5142474,e7eb284d60ddeaeb024709206d827af6
datasets/extracted/Set8/images/Test_0015_1_02_031_2023-02-24T10_40_27.530014.jpg,OTHER,5139358,96c39a392bdac7541f4d1b384ea3d86a
datasets/extracted/Set8/images/Test_0015_1_02_032_2023-02-24T10_42_00.137114.jpg,OTHER,5141811,e117a44383c34035638b324743c2c873
datasets/extracted/Set8/images/Test_0015_1_02_033_2023-02-24T10_43_32.750283.jpg,OTHER,5136571,481a6c52b0c6aea9f70300e0d7197e49
datasets/extracted/Set8/images/Test_0015_1_02_034_2023-02-24T10_45_05.230449.jpg,OTHER,5187844,7010691c5030bcc8e64ba1e984708243
datasets/extracted/Set8/images/Test_0015_1_02_035_2023-02-24T10_46_36.295274.jpg,OTHER,5146507,6cdcb9aff2ef534f3b5ae1199d2302d5
datasets/extracted/Set8/images/Test_0015_1_02_036_2023-02-24T10_48_08.945002.jpg,OTHER,5137099,1fe1bc3df264da8b5bc535cb6d4af048
datasets/extracted/Set8/images/Test_0015_1_02_037_2023-02-24T10_49_41.592798.jpg,OTHER,5142350,aca07d6798410906c3fd9367f1503b94
datasets/extracted/Set8/images/Test_0015_1_02_038_2023-02-24T10_51_14.230232.jpg,OTHER,5145582,01a192bb6f26be9f9ff6371c6924e77f
datasets/extracted/Set8/images/Test_0015_1_02_039_2023-02-24T10_52_46.838929.jpg,OTHER,5139672,839c1b826120f82ee42c68cd66271056
datasets/extracted/Set8/images/Test_0015_1_02_040_2023-02-24T10_54_19.442533.jpg,OTHER,5145053,2c4cb091b7de0cd10f5ff33971c9293e
datasets/extracted/Set8/images/Test_0015_1_02_041_2023-02-24T10_55_52.028407.jpg,OTHER,5148897,114ebc34ffb20d99916014b67e7ec109
datasets/extracted/Set8/images/Test_0015_1_02_042_2023-02-24T10_57_24.479898.jpg,OTHER,5138660,035fe872758a4035312582a910a30174
datasets/extracted/Set8/images/Test_0015_1_02_043_2023-02-24T10_58_56.951348.jpg,OTHER,5139713,8ed48396f8546278c3aa9ded454f10b1
datasets/extracted/Set8/images/Test_0015_1_02_044_2023-02-24T11_00_29.477008.jpg,OTHER,5145924,b06489859d62995c89737f029adb3131
datasets/extracted/Set8/images/Test_0015_1_02_045_2023-02-24T11_02_02.062648.jpg,OTHER,5148318,6d81c1fe5ed70d5585de32bf80ec8d60
datasets/extracted/Set8/images/Test_0015_1_02_046_2023-02-24T11_03_34.473380.jpg,OTHER,5150202,8974dd1bcaaeab30379fba0f64ff37a8
datasets/extracted/Set8/images/Test_0015_1_02_047_2023-02-24T11_05_06.967389.jpg,OTHER,5137395,472335aa60e3f503d75909ab8e73576b
datasets/extracted/Set8/images/Test_0015_1_02_048_2023-02-24T11_06_39.538396.jpg,OTHER,5138960,fbc79af2f7b077b5d04a14fba75f72d8
datasets/extracted/Set8/images/Test_0015_1_02_049_2023-02-24T11_08_12.065220.jpg,OTHER,5128065,b3570cc9faac0c51a48cf496370a475a
datasets/extracted/Set8/images/Test_0015_1_02_050_2023-02-24T11_09_44.538387.jpg,OTHER,5143713,d26de5ddd6c5a1f7b27c35795756f7da
datasets/extracted/Set8/images/Test_0015_1_02_051_2023-02-24T11_11_16.994627.jpg,OTHER,5137313,8af56791d0c5010247aef128250dc8b4
datasets/extracted/Set8/images/Test_0015_1_02_052_2023-02-24T11_12_49.719729.jpg,OTHER,5120392,782972c966dc0794166878ad786af664
datasets/extracted/Set8/images/Test_0015_1_02_053_2023-02-24T11_14_22.323562.jpg,OTHER,5148595,1433fb3cf2f33eaf27771ed8008065a4
datasets/extracted/Set8/images/Test_0015_1_02_054_2023-02-24T11_15_54.924511.jpg,OTHER,5141175,afc884f512f4d8791f417000e561bc91
datasets/extracted/Set8/images/Test_0015_1_02_055_2023-02-24T11_17_27.516215.jpg,OTHER,5144353,80646b2505e14dab631506f31e600e59
datasets/extracted/Set8/images/Test_0015_1_02_056_2023-02-24T11_19_00.073026.jpg,OTHER,5138968,fa57c68694381ad3efd76f36649faf19
datasets/extracted/Set8/images/Test_0015_1_02_057_2023-02-24T11_20_32.823849.jpg,OTHER,5145239,19704280a2a69e8916e399029f3c150d
datasets/extracted/Set8/images/Test_0015_1_02_058_2023-02-24T11_22_05.260605.jpg,OTHER,5145154,1ac34f94da165f8c276838e9aa71a59e
datasets/extracted/Set8/images/Test_0015_1_02_059_2023-02-24T11_23_38.106890.jpg,OTHER,5158648,d173dd748f44fcf58e394894a7f3b414
datasets/extracted/Set8/images/Test_0015_1_02_060_2023-02-24T11_25_10.555735.jpg,OTHER,5165600,a5d74c26e54c3494bce18791e1ded7e0
datasets/extracted/Set8/images/Test_0015_1_02_061_2023-02-24T11_26_44.512402.jpg,OTHER,5144727,553e63f6e946eda37751e00c8dd4abf4
datasets/extracted/Set9/images/Test_0015_1_02_012_2023-03-02T08_55_07.177840.jpg,OTHER,5011451,ebb83d27350492da752b1b864d259200
datasets/extracted/Set9/images/Test_0015_1_02_012_2023-03-02T10_24_44.387398.jpg,OTHER,5093502,4b7cf8b60a7261929f2798627a9294d1
datasets/extracted/Set9/images/Test_0015_1_02_013_2023-03-02T08_56_39.239018.jpg,OTHER,4994400,2fa97eabbb9cf39378901ddd7abbf7b5
datasets/extracted/Set9/images/Test_0015_1_02_013_2023-03-02T10_24_47.131646.jpg,OTHER,5101579,4013f70c8caa761a6c254afcef1c42e4
datasets/extracted/Set9/images/Test_0015_1_02_014_2023-03-02T08_58_11.644798.jpg,OTHER,4990959,0e2b58e7b7516c45846ab58047f55fff
datasets/extracted/Set9/images/Test_0015_1_02_014_2023-03-02T10_26_16.680484.jpg,OTHER,5110801,933dac0bedec549dc1e4548712a3f8cf
datasets/extracted/Set9/images/Test_0015_1_02_015_2023-03-02T08_59_43.998577.jpg,OTHER,4987778,858db7acd13ec628a098336e7a11aa3a
datasets/extracted/Set9/images/Test_0015_1_02_015_2023-03-02T10_27_49.496054.jpg,OTHER,5118097,a2e74fab70301e6d5de201d7ad42f408
datasets/extracted/Set9/images/Test_0015_1_02_016_2023-03-02T09_01_16.486991.jpg,OTHER,4976480,a57dae5459f8d9711505205704d2131a
datasets/extracted/Set9/images/Test_0015_1_02_016_2023-03-02T10_29_22.396841.jpg,OTHER,5118180,0d1f860016ec77a15722540752540edf
datasets/extracted/Set9/images/Test_0015_1_02_017_2023-03-02T09_02_49.045193.jpg,OTHER,4946076,eb4474c3daf1996915f31cfdd8778476
datasets/extracted/Set9/images/Test_0015_1_02_017_2023-03-02T10_30_55.199422.jpg,OTHER,5001714,18bb19f57a30f180436da923bc1fc661
datasets/extracted/Set9/images/Test_0015_1_02_018_2023-03-02T09_04_21.557412.jpg,OTHER,4989230,04f1e69998b932b69dbd42bc4e7d8049
datasets/extracted/Set9/images/Test_0015_1_02_018_2023-03-02T10_32_27.952991.jpg,OTHER,5089158,b144a22af9f8ea1269d8ed9a6ede1d57
datasets/extracted/Set9/images/Test_0015_1_02_019_2023-03-02T09_05_54.268045.jpg,OTHER,5014019,5d8ae2b0abb6b9b4e78016494081d524
datasets/extracted/Set9/images/Test_0015_1_02_019_2023-03-02T10_34_00.805685.jpg,OTHER,5099930,71e26c8bee697266d6099edbceb9c400
datasets/extracted/Set9/images/Test_0015_1_02_020_2023-03-02T09_07_28.699740.jpg,OTHER,5025390,b3c6b70ec88ab890d8dc2700500f31ba
datasets/extracted/Set9/images/Test_0015_1_02_020_2023-03-02T10_35_35.041227.jpg,OTHER,5075990,0619c3111cb7b2c07a59d57d19e3b70e
datasets/extracted/Set9/images/Test_0015_1_02_021_2023-03-02T09_09_01.292767.jpg,OTHER,5025825,a55c733cca811732eba8e00779739a40
datasets/extracted/Set9/images/Test_0015_1_02_021_2023-03-02T10_37_07.681641.jpg,OTHER,5081140,e23472358c06ee3fd01a07395e8d45d9
datasets/extracted/Set9/images/Test_0015_1_02_022_2023-03-02T09_10_33.864495.jpg,OTHER,5034828,c18d51afa6dcfd59a32205aaa5e6113c
datasets/extracted/Set9/images/Test_0015_1_02_022_2023-03-02T10_38_40.157966.jpg,OTHER,5075781,93ea8632ef5b8beb76ee6617be8532dc
datasets/extracted/Set9/images/Test_0015_1_02_023_2023-03-02T09_12_06.496773.jpg,OTHER,5036660,3736a40fb7e9280980ed87bee7c43041
datasets/extracted/Set9/images/Test_0015_1_02_023_2023-03-02T10_40_12.729951.jpg,OTHER,5080096,319adfc72d3f427a325ea2222c242ca9
datasets/extracted/Set9/images/Test_0015_1_02_024_2023-03-02T09_13_40.598897.jpg,OTHER,5046912,77942edf0be3db4dd7cc60b16bd3ea33
datasets/extracted/Set9/images/Test_0015_1_02_024_2023-03-02T10_41_45.444944.jpg,OTHER,5078140,dea09bdc769be65c8721516d40ae51dd
datasets/extracted/Set9/images/Test_0015_1_02_025_2023-03-02T09_15_13.430626.jpg,OTHER,5032906,a07a6f943f55a22b814369abc8578c4f
datasets/extracted/Set9/images/Test_0015_1_02_025_2023-03-02T10_43_18.147358.jpg,OTHER,5093654,230e509ed0adb5ad222237c2a5e99e11
datasets/extracted/Set9/images/Test_0015_1_02_026_2023-03-02T09_16_45.927902.jpg,OTHER,5044878,fd6eead262becc187e674c52bc586d32
datasets/extracted/Set9/images/Test_0015_1_02_026_2023-03-02T10_44_50.705790.jpg,OTHER,5099528,5f11df56faddf434363497e7f2f8a7e1
datasets/extracted/Set9/images/Test_0015_1_02_027_2023-03-02T09_18_18.293799.jpg,OTHER,5056118,eca8bca6391da0bcd24a420756e53bb8
datasets/extracted/Set9/images/Test_0015_1_02_027_2023-03-02T10_46_24.772417.jpg,OTHER,5089212,ec5e0775733e3f662825be37ef3c7cc0
datasets/extracted/Set9/images/Test_0015_1_02_028_2023-03-02T09_19_50.948337.jpg,OTHER,5049931,35ece905a0a0f00ddd15bc0e849a6fbd
datasets/extracted/Set9/images/Test_0015_1_02_028_2023-03-02T10_47_57.632346.jpg,OTHER,5099927,c54c3b1c4f4516a58d23f77d5cfea37d
datasets/extracted/Set9/images/Test_0015_1_02_029_2023-03-02T09_21_23.878603.jpg,OTHER,5055461,41da18827d98b8b68be9c0c8f40418ff
datasets/extracted/Set9/images/Test_0015_1_02_029_2023-03-02T10_49_30.220058.jpg,OTHER,5105475,ef3142dfcfc8d20f4419c5fbfbf0d418
datasets/extracted/Set9/images/Test_0015_1_02_030_2023-03-02T09_22_58.194857.jpg,OTHER,5039202,e602cc94bd11dff30a973072f2100828
datasets/extracted/Set9/images/Test_0015_1_02_030_2023-03-02T10_51_02.675305.jpg,OTHER,5103744,462ad51f71011393523faffd240385f2
datasets/extracted/Set9/images/Test_0015_1_02_031_2023-03-02T09_24_30.703330.jpg,OTHER,5050376,38e08a122df4a961a8487479738b127d
datasets/extracted/Set9/images/Test_0015_1_02_031_2023-03-02T10_52_35.185356.jpg,OTHER,5105676,31af307e01cebb01e0696e1ed85751f0
datasets/extracted/Set9/images/Test_0015_1_02_032_2023-03-02T09_26_03.193228.jpg,OTHER,5046676,788f0e06195dad401b75a81168d8b784
datasets/extracted/Set9/images/Test_0015_1_02_032_2023-03-02T10_52_38.327942.jpg,OTHER,5086742,ace9842b4e961a27bbe872bfa40da85c
datasets/extracted/Set9/images/Test_0015_1_02_033_2023-03-02T09_27_35.674404.jpg,OTHER,5047599,ea4706577baa5004be31bd61908fde61
datasets/extracted/Set9/images/Test_0015_1_02_033_2023-03-02T10_54_09.485975.jpg,OTHER,5103642,1232a2cb3d9478230cdec0bc9bfdc058
datasets/extracted/Set9/images/Test_0015_1_02_034_2023-03-02T09_29_10.012172.jpg,OTHER,5047357,d728298f39daf2098d7271409f18a794
datasets/extracted/Set9/images/Test_0015_1_02_034_2023-03-02T10_55_42.231671.jpg,OTHER,5103607,5225ae85fe552f32f4d1222a255ab2c3
datasets/extracted/Set9/images/Test_0015_1_02_035_2023-03-02T09_30_42.406842.jpg,OTHER,5046630,3ef64ba05fe7ef068cd8e56d709c9490
datasets/extracted/Set9/images/Test_0015_1_02_035_2023-03-02T10_57_14.735920.jpg,OTHER,5104993,36c9b73c788dba2d8d6cf2205f9028e3
datasets/extracted/Set9/images/Test_0015_1_02_036_2023-03-02T09_32_15.064520.jpg,OTHER,5055151,16fa86b50926d599d691a59a5ddb4a6b
datasets/extracted/Set9/images/Test_0015_1_02_036_2023-03-02T10_58_48.941043.jpg,OTHER,5109442,1cc06d9e23a727b80143bdae7bc72933
datasets/extracted/Set9/images/Test_0015_1_02_037_2023-03-02T09_33_49.279639.jpg,OTHER,5036899,634ba79e0d230dfcbe89f31dea514c05
datasets/extracted/Set9/images/Test_0015_1_02_037_2023-03-02T11_00_21.587155.jpg,OTHER,5104129,f3b8a889fba239814fb90a53bd4b3be7
datasets/extracted/Set9/images/Test_0015_1_02_038_2023-03-02T09_35_22.035649.jpg,OTHER,5055739,cb91de56ae36f147399508b9fe42417f
datasets/extracted/Set9/images/Test_0015_1_02_038_2023-03-02T11_01_54.154863.jpg,OTHER,5099710,95cc0875ae66a311da71ef656583a4f0
datasets/extracted/Set9/images/Test_0015_1_02_039_2023-03-02T09_36_54.529824.jpg,OTHER,5054548,78fa6f4841ec13e866e29fd2ee90072c
datasets/extracted/Set9/images/Test_0015_1_02_039_2023-03-02T11_03_26.742216.jpg,OTHER,5094618,b8d651177274b7d0bb5765522845f7bd
datasets/extracted/Set9/images/Test_0015_1_02_040_2023-03-02T09_38_28.930658.jpg,OTHER,5048805,7db631a220f63fe71d2c1e2058bf4cb0
datasets/extracted/Set9/images/Test_0015_1_02_040_2023-03-02T11_05_00.866176.jpg,OTHER,5105909,ccfb2e3af2d2e0fe6ca799fa44df4378
datasets/extracted/Set9/images/Test_0015_1_02_041_2023-03-02T09_40_01.598126.jpg,OTHER,5054805,e1e4748421cd11b62f236a33106a02f3
datasets/extracted/Set9/images/Test_0015_1_02_041_2023-03-02T11_06_33.471167.jpg,OTHER,5105546,d4bac9098058c4c88c93353699061fd3
datasets/extracted/Set9/images/Test_0015_1_02_042_2023-03-02T09_41_34.197663.jpg,OTHER,5050676,6b00cc627d2b52e1d2fad4819922ff48
datasets/extracted/Set9/images/Test_0015_1_02_042_2023-03-02T11_08_06.072387.jpg,OTHER,5101718,651670fc772f51cc9809f10a84f8ad4a
datasets/extracted/Set9/images/Test_0015_1_02_043_2023-03-02T09_43_08.293194.jpg,OTHER,5051549,71f898cab4a0546580bb95dd0e418910
datasets/extracted/Set9/images/Test_0015_1_02_043_2023-03-02T11_09_40.263733.jpg,OTHER,5106170,3591b7c103bbc7d1662ddf1ee756a181
datasets/extracted/Set9/images/Test_0015_1_02_044_2023-03-02T09_44_40.867631.jpg,OTHER,5053912,2665bb0613ca67e08b777ccbefcd46a3
datasets/extracted/Set9/images/Test_0015_1_02_044_2023-03-02T11_11_12.913197.jpg,OTHER,5096837,c431901fe7e7925455c229a126488465
datasets/extracted/Set9/images/Test_0015_1_02_045_2023-03-02T09_46_15.054391.jpg,OTHER,5057254,cae8b0db5ffd8158f43423ec732c0af3
datasets/extracted/Set9/images/Test_0015_1_02_045_2023-03-02T11_12_45.440209.jpg,OTHER,5095693,6e3de9a14608599cd03e56cb0ae382c9
datasets/extracted/Set9/images/Test_0015_1_02_046_2023-03-02T09_47_47.635397.jpg,OTHER,5051874,6a05fcbd99fb43487ceb742cdbe255de
datasets/extracted/Set9/images/Test_0015_1_02_046_2023-03-02T11_14_19.564712.jpg,OTHER,5091532,6d4625b27bde4271275ca39fbdf1aa3a
datasets/extracted/Set9/images/Test_0015_1_02_047_2023-03-02T09_49_20.418069.jpg,OTHER,5050806,c0b3a6ace5b5f492d856990b0585ac6c
datasets/extracted/Set9/images/Test_0015_1_02_047_2023-03-02T11_15_53.302260.jpg,OTHER,5093443,9dab28bd378747cbd75963818959d367
datasets/extracted/Set9/images/Test_0015_1_02_048_2023-03-02T09_49_25.161760.jpg,OTHER,6864270,27a6c4f955c8de1ee88dec53ec3237d5
datasets/extracted/Set9/images/Test_0015_1_02_048_2023-03-02T11_17_25.893149.jpg,OTHER,5076196,c90fe2d5c8ee2ad1d1fff7a3b209b2b1
datasets/extracted/Set9/images/Test_0015_1_02_049_2023-03-02T09_50_54.571826.jpg,OTHER,5058944,f2b18acc76d661eb25b8db6f297e9090
datasets/extracted/Set9/images/Test_0015_1_02_049_2023-03-02T11_18_58.677482.jpg,OTHER,5088809,22778abb19503cc7e67e7f10a9e8048b
datasets/extracted/Set9/images/Test_0015_1_02_050_2023-03-02T09_52_27.299792.jpg,OTHER,5053586,b1f85c9f1c304cf987bc935060a8fcda
datasets/extracted/Set9/images/Test_0015_1_02_050_2023-03-02T11_20_32.875866.jpg,OTHER,5094080,c0af6b491866f418db95eeaf18b15a73
datasets/extracted/Set9/images/Test_0015_1_02_051_2023-03-02T09_53_59.887524.jpg,OTHER,5070749,8328ae97a9b7214711d7e78279aeb1a7
datasets/extracted/Set9/images/Test_0015_1_02_051_2023-03-02T11_22_05.434694.jpg,OTHER,5089237,1fee7cfcfd4ed5704afc460a7a5a683d
datasets/extracted/Set9/images/Test_0015_1_02_052_2023-03-02T09_55_34.170816.jpg,OTHER,5067737,48ae0ec39017a68250b2cfa41102407e
datasets/extracted/Set9/images/Test_0015_1_02_052_2023-03-02T11_23_39.802948.jpg,OTHER,5089638,8f82e2daf7b67b13168f8f21bae48a85
datasets/extracted/Set9/images/Test_0015_1_02_053_2023-03-02T09_57_06.461073.jpg,OTHER,5076063,96f60a021ca04751ff841427d6def3ed
datasets/extracted/Set9/images/Test_0015_1_02_053_2023-03-02T11_25_12.340507.jpg,OTHER,5087634,000cb734748b19a1d51a57d2ddaebe4a
datasets/extracted/Set9/images/Test_0015_1_02_054_2023-03-02T09_58_40.625638.jpg,OTHER,5081170,7b57696d3821f8ff7229af5ffff8811b
datasets/extracted/Set9/images/Test_0015_1_02_054_2023-03-02T11_26_46.704670.jpg,OTHER,5085757,cb22f442ded15acf558076510bd9e3fe
datasets/extracted/Set9/images/Test_0015_1_02_055_2023-03-02T10_00_13.330845.jpg,OTHER,5074233,138efbd5c8cfed8c24c4a9ef1e6f8189
datasets/extracted/Set9/images/Test_0015_1_02_055_2023-03-02T11_28_19.391436.jpg,OTHER,5091087,dfc0829796d798731f8c7924439cb6f7
datasets/extracted/Set9/images/Test_0015_1_02_056_2023-03-02T10_01_47.736932.jpg,OTHER,5074752,fe3bb7f77ba5febdabdc5d35061a1c5d
datasets/extracted/Set9/images/Test_0015_1_02_056_2023-03-02T11_29_51.935655.jpg,OTHER,5084799,45e35c4e9a05a36433beb1c37c733f7c
datasets/extracted/Set9/images/Test_0015_1_02_057_2023-03-02T10_03_20.316948.jpg,OTHER,5060660,d4d99f5dd93b67ae5662ea8652c220d3
datasets/extracted/Set9/images/Test_0015_1_02_057_2023-03-02T11_31_26.192276.jpg,OTHER,5077661,e57344a368a8108a914cd986e44b3c26
datasets/extracted/Set9/images/Test_0015_1_02_058_2023-03-02T10_04_54.567764.jpg,OTHER,5066631,369025b96403f335d4c4f33a7595b7c8
datasets/extracted/Set9/images/Test_0015_1_02_058_2023-03-02T11_33_00.375291.jpg,OTHER,5072658,050400c9a3f714cc01c3ba998502ba53
datasets/extracted/Set9/images/Test_0015_1_02_059_2023-03-02T10_06_27.441781.jpg,OTHER,5064176,12bef25bc31f4cbbdb52956f94a6753f
datasets/extracted/Set9/images/Test_0015_1_02_059_2023-03-02T11_34_33.003743.jpg,OTHER,5070678,81d6715b8143c415abc5513cd8a99c91
datasets/extracted/Set9/images/Test_0015_1_02_060_2023-03-02T10_08_01.723045.jpg,OTHER,5069292,06737f6e84e51966ebff0bdca82cd3d4
datasets/extracted/Set9/images/Test_0015_1_02_060_2023-03-02T11_36_07.172673.jpg,OTHER,5066880,d1821eb62dfd098bc36b22c00a21fd31
datasets/extracted/Set9/images/Test_0015_1_02_061_2023-03-02T10_09_34.073075.jpg,OTHER,5071104,6b041e69244cc6f42578ddffc99b029a
datasets/extracted/Set9/images/Test_0015_1_02_061_2023-03-02T11_37_39.901034.jpg,OTHER,5074647,3386f6ecc0a18efd1386dc53a0929c78
datasets/extracted/Set9/images/Test_0015_1_02_062_2023-03-02T10_11_07.819138.jpg,OTHER,5087010,2860a0749bb3339014b2738b5083af2a
datasets/extracted/Set9/images/Test_0015_1_02_062_2023-03-02T11_39_13.657830.jpg,OTHER,5068913,d229d1c237069e004d6c1e1bb8332180
datasets/extracted/Set9/images/Test_0015_1_02_063_2023-03-02T11_40_47.880381.jpg,OTHER,5059923,1220e2c03fad8a91fd62516e2bc8f38a
datasets/processed/MATWI/set1_sensor_features.csv,DATASET,83668,4c8d7187ae702ef88e045e74480a6ce6
datasets/raw/MATWI/checksums.json,CONFIG,1481,6b7a892b6322745f51f5e5ecaa62bf7a
datasets/raw/MATWI/labels.csv,DATASET,547669,314fa8c1ff769a3e3c745945e31e1bc8
datasets/raw/MATWI/README.md,DOCUMENTATION,2199,fc91a416b3e19af8e7979b0a9b3a673a
datasets/raw/MATWI/Set1.zip,OTHER,1105412298,SKIPPED_LARGE_FILE
datasets/raw/MATWI/Set10.zip,OTHER,1049712317,SKIPPED_LARGE_FILE
datasets/raw/MATWI/Set11.zip,OTHER,1144815047,SKIPPED_LARGE_FILE
datasets/raw/MATWI/Set12.zip,OTHER,652592270,SKIPPED_LARGE_FILE
datasets/raw/MATWI/Set13.zip,OTHER,577984112,SKIPPED_LARGE_FILE
datasets/raw/MATWI/Set14.zip,OTHER,1737876457,SKIPPED_LARGE_FILE
datasets/raw/MATWI/Set15.zip,OTHER,572787459,SKIPPED_LARGE_FILE
datasets/raw/MATWI/Set16.zip,OTHER,1617750491,SKIPPED_LARGE_FILE
datasets/raw/MATWI/Set17.zip,OTHER,1193429136,SKIPPED_LARGE_FILE
datasets/raw/MATWI/Set2.zip,OTHER,1085681052,SKIPPED_LARGE_FILE
datasets/raw/MATWI/Set3.zip,OTHER,1159612877,SKIPPED_LARGE_FILE
datasets/raw/MATWI/Set4.zip,OTHER,1102899855,SKIPPED_LARGE_FILE
datasets/raw/MATWI/Set5.zip,OTHER,792801868,SKIPPED_LARGE_FILE
datasets/raw/MATWI/Set6.zip,OTHER,1970865899,SKIPPED_LARGE_FILE
datasets/raw/MATWI/Set7.zip,OTHER,1124254738,SKIPPED_LARGE_FILE
datasets/raw/MATWI/Set8.zip,OTHER,1078240636,SKIPPED_LARGE_FILE
datasets/raw/MATWI/Set9.zip,OTHER,1081104108,SKIPPED_LARGE_FILE
datasets/raw/MATWI/sets.csv,DATASET,1103,b7001e03fce2e33acaf036643fdfee23
docs/recommendation_contract.json,CONFIG,3359,cbceecef357abc1339f3356039ec1139
docs/RECOMMENDATION_INTEGRATION.md,DOCUMENTATION,3712,28e8534f46d97710ed50b55caed81021
docs/RUL_RUNTIME_TELEMETRY_REQUIREMENTS.md,DOCUMENTATION,1548,51b42e5b870d40eeb644e310a5346e5f
examples/recommendation_integration_example.py,SOURCE,2376,a8ea5e4d1a64866c561df2b8b1681a45
models/final/checksums.sha256,OTHER,2114,9b63367e96576545b04be28a778b62e7
models/final/configuration_performance.csv,DATASET,1025,f86bdf4fd9292b3f99310d1fcfd7b030
models/final/constrained_recommender.pkl,MODEL,3212,6ef36d959ae2fd58525a6a0cd9927e77
models/final/constrained_recommender.pt,MODEL,4941,62a0aa218afc620c56794af15661ce68
models/final/constrained_recommender.pth,MODEL,4941,62a0aa218afc620c56794af15661ce68
models/final/model_metadata.json,CONFIG,2089,ee6f386255e1b1d25b7ecc1721e06c7a
models/final/parameter_configurations.csv,DATASET,360,d069faaf1459487f0448d68cffbd3c11
models/final_v2/model_metadata_v2.json,CONFIG,1438,09e03f6277d0db92d53001cb1b770164
notebooks/01_dataset_analysis.ipynb,OTHER,0,d41d8cd98f00b204e9800998ecf8427e
notebooks/02_wear_rate_analysis.ipynb,OTHER,0,d41d8cd98f00b204e9800998ecf8427e
notebooks/03_gpr_training_and_testing.ipynb,OTHER,0,d41d8cd98f00b204e9800998ecf8427e
reports/CLEANING_REPORT.md,DOCUMENTATION,74,b38b9ad6786254480b14086002f0644e
reports/CURRENT_TARGET_AUDIT.md,DOCUMENTATION,1465,50c10e2f758db6494f959959ff88c541
reports/DATASET_SCHEMA.md,DOCUMENTATION,452,fa28c955192aa314346ae0e9ca45a1c5
reports/DATA_CLEANING_REPORT.md,DOCUMENTATION,57,83a41c036fe5394c049868d89944c0df
reports/EDA_REPORT.md,DOCUMENTATION,50,993525ba0cc35d1c76210533db2dd872
reports/FEATURE_ENGINEERING_REPORT.md,DOCUMENTATION,63,03d8e7294bc280efefd567e4ef313c52
reports/FEATURE_LEAKAGE_AUDIT.md,DOCUMENTATION,58,7cf83f63afac37e7a6f863ae14b834b7
reports/FEATURE_REPRESENTATION_COMPARISON.md,DOCUMENTATION,2127,fdc4cdc4fbd2d35bdc34b44f3f0a6ec0
reports/FINAL_FEATURE_LEAKAGE_AUDIT.md,DOCUMENTATION,127,2c8c7544e61c24686fb31472b5b58b78
reports/FINAL_FEATURE_SET.md,DOCUMENTATION,99,422f0f53306eff59fc2e637ee6bb9157
reports/FINAL_GPR_MODEL_REPORT.md,DOCUMENTATION,854,68792bc9f5e391b90c0f2be15ca2a75b
reports/FINAL_GPR_MODEL_SELECTION.md,DOCUMENTATION,396,bbf7bf741845435b4005685ea01a360c
reports/FUTURE_WEAR_DATASET_SUMMARY.md,DOCUMENTATION,1006,fd41eb28f9f786cedb8c5132697354da
reports/FUTURE_WEAR_DATASET_VALIDATION.md,DOCUMENTATION,125,1a89ce20b8034df74f608003e5d3e8bd
reports/FUTURE_WEAR_RATE_DEFINITION.md,DOCUMENTATION,766,3544ff20f18b5b4a448c6e263b670ed6
reports/FUTURE_WEAR_RATE_LEAKAGE_AUDIT.md,DOCUMENTATION,475,69b80209eee00877a515d2b9fc2c3dd7
reports/FUTURE_WEAR_TEMPORAL_ORDER.md,DOCUMENTATION,389,dd55dca7b89fc7fd622808c4091308e6
reports/GPR_MODEL_COMPARISON.md,DOCUMENTATION,1064,5f36c0dfe7c645b38ad91835fe675552
reports/GPR_RESIDUAL_ANALYSIS.md,DOCUMENTATION,63,1f0597bfe57a98225767af2646ab6acb
reports/GPR_V2_MODEL_COMPARISON.md,DOCUMENTATION,780,4532bb85306d9cdeaf7e2356a7c73cb3
reports/MATWI_DATASET_AUDIT.json,CONFIG,2485,7fdea753d47881e9652c12b8a3c84b3b
reports/MATWI_DATASET_AUDIT.md,DOCUMENTATION,2256,1d05b87a5dafeb50a4e6d305e7a2af8f
reports/MODEL_HANDOFF.md,DOCUMENTATION,692,4629632b6951fce449982b7bd77fc29a
reports/PARAMETER_SPACE_COVERAGE.md,DOCUMENTATION,114,c379592a3876567736d758020b39f3a0
reports/PHASE_10_5_FINAL_VERDICT.md,DOCUMENTATION,153,3d4228595b77776f5d4251b8217fd65c
reports/PHASE_10_5_LEAKAGE_CORRECTION.md,DOCUMENTATION,401,4caf61b0212c2ff42461816bc807c64e
reports/PHASE_10_5_SCORING_BIAS_AUDIT.md,DOCUMENTATION,272,7d819a0d3458c957eb927bab45fa1b3a
reports/PHASE_10_5_TEMPORAL_BACKTEST_REPORT.md,DOCUMENTATION,158,40c244dd654130dad5e1228fb99b671d
reports/PHASE_10_6_FINAL_VERDICT.md,DOCUMENTATION,160,81c0a371d8d57851b9c8a213c7595ffb
reports/PHASE_10_6_SCORING_BIAS_ROOT_CAUSE.md,DOCUMENTATION,282,404381f87695fef2607022fbc623ce97
reports/PHASE_10_6_SCORING_CORRECTION.md,DOCUMENTATION,334,765b7a378aa858ef13e30fdd69bd2626
reports/PHASE_10_6_TEMPORAL_REVALIDATION.md,DOCUMENTATION,121,4a76637998672977419e646cb854dd24
reports/PHASE_10_BACKEND_HANDOFF_SPEC.md,DOCUMENTATION,428,a6c19b6ba33e13572433cd4b21e67daa
reports/PHASE_10_RECOMMENDATION_VALIDATION.md,DOCUMENTATION,189,1135c6fc022a5664ee73ad3ddfb24140
reports/PHASE_11_ARTIFACT_INVENTORY.md,DOCUMENTATION,1231,13b3b04bdd1955df4ad70cd442f3eadf
reports/PHASE_11_BACKEND_HANDOFF.md,DOCUMENTATION,4738,794ef2de2f19e002526e40a04cbcbd58
reports/PHASE_11_SCIENTIFIC_CLAIMS.md,DOCUMENTATION,1467,060cdc863a9684ee194341e7769218c7
reports/PHASE_12_END_TO_END_VALIDATION.md,DOCUMENTATION,953,650133db82e82d556e6b1635db5d612e
reports/PHASE_12_FINAL_VERDICT.md,DOCUMENTATION,895,877d07ee3ebef5974974ca267fa06b9b
reports/PHASE_12_INTEGRATION_COMPATIBILITY.md,DOCUMENTATION,1563,6b9d8c5a19fc261674aaad4bbab4119c
reports/PHASE_12_MODEL_VERSION_AUDIT.md,DOCUMENTATION,856,35a34dbaa8c5bccf3e6cd1246667f18e
reports/PHASE_12_RUL_89_FEATURE_AUDIT.md,DOCUMENTATION,1950,d8d663daf502bfc50715b4f10147d8e8
reports/PHASE_12_RUL_INTERFACE.md,DOCUMENTATION,1265,91513e84b92f7078a95149d332317b02
reports/PHASE_12_WEAR_ANALYSIS_INTERFACE.md,DOCUMENTATION,1238,619f9ee69526ca3151bf6e94df76eec5
reports/PHASE_13_BACKEND_ACTION_ITEMS.md,DOCUMENTATION,1313,7c1c8eb6ebabd095d1680973ae5bf138
reports/PHASE_13_END_TO_END_VALIDATION.md,DOCUMENTATION,973,479f353f1d7f2e350efff9d0fece60ee
reports/PHASE_13_FINAL_VERDICT.md,DOCUMENTATION,771,8642b055a14512ead964161ff35380b1
reports/PHASE_13_RUL_STATE_PIPELINE.md,DOCUMENTATION,1392,e9c68045650bca9f54de8fe4099cc6a9
reports/PHASE_13_WEAR_ARTIFACT_MIGRATION.md,DOCUMENTATION,706,0e4f35c584464c3ee42ec6acd2e8b779
reports/PHASE_13_WEAR_MODEL_MIGRATION_DECISION.md,DOCUMENTATION,947,dad581c0d5b5dcf6dcbc423dab8d7c53
reports/PHASE_14_FINAL_ML_HANDOFF.md,DOCUMENTATION,1442,f6204e2d8021a57b71f0730f95544136
reports/PHASE_15_DELETION_PLAN.md,DOCUMENTATION,1815,45e8d6e2c2d33c5329f9d414cd7e82a3
reports/PHASE_15_DIRECTORY_INVENTORY.md,DOCUMENTATION,87,b0da48edfc1d1ae1bbfd6ebd4731ac86
reports/PHASE_15_FINAL_OPTIMIZE_PACKAGE.md,DOCUMENTATION,1255,9fb0706609e391280e4a11016fa881a1
reports/PHASE_15_MODEL_ARTIFACT_AUDIT.md,DOCUMENTATION,1214,8cf8f0c61266c0a22efbcd531e2b8145
reports/PHASE_15_RECOMMENDER_AUDIT.md,DOCUMENTATION,1129,7f268b4d1bf7752b080661c87376cf21
reports/PHASE_16A_SERIALIZED_ARTIFACTS.md,DOCUMENTATION,1401,4d90f2800e59aa0be4089b76f52c5af8
reports/PHASE_1B_DECISION.md,DOCUMENTATION,1085,72f1eeba0197559bbf509d78d18baf0b
reports/PHASE_3_5_MODEL_VALIDATION_AUDIT.md,DOCUMENTATION,4944,05979a7eda93590ef8a85a7cb3a5cc04
reports/PHASE_4_TARGET_FEATURE_DECISION.md,DOCUMENTATION,4751,2be0d3e39e5a1de2e6c19dc46f75e2b6
reports/PHASE_5_DATASET_REENGINEERING_DECISION.md,DOCUMENTATION,109,5d6d377d07f2ebee55a07de0ed8dbae3
reports/PHASE_6_5_GPR_V2_DEEP_AUDIT.md,DOCUMENTATION,4713,bbbb9d083e6d253e93a33b7d24ee9c6b
reports/PHASE_7_TARGET_REDESIGN_AUDIT.md,DOCUMENTATION,2951,12918313b7cd45ef2b425a5bf3aa72b2
reports/PHASE_8_5_BENCHMARK_FAILURE_DIAGNOSTIC.md,DOCUMENTATION,479,d80cb2b6b9c868c8b3c4d49f025ddbb4
reports/PHASE_8_MODEL_BENCHMARK_REPORT.md,DOCUMENTATION,2714,d8209907714f741fc00391fc054adff6
reports/PHASE_8_MODEL_SELECTION.md,DOCUMENTATION,130,1a09c98df6e3892dfb50839706d55880
reports/PHASE_8_PARAMETER_SPACE_REPORT.md,DOCUMENTATION,108,d187f8aa37c17d3284d33063f94ac4dd
reports/PHASE_8_RESIDUAL_ANALYSIS.md,DOCUMENTATION,70,0dbedf40f84af2fea9d2ff16f0311ea9
reports/PHASE_9_BACKTEST_REPORT.md,DOCUMENTATION,128,d509d03a39911807d6363944adb06b49
reports/PHASE_9_FINAL_VERDICT.md,DOCUMENTATION,689,194865d72a707e910db619c64643643a
reports/PHASE_9_PARAMETER_SPACE_REPORT.md,DOCUMENTATION,678,1b45477675fa4e43b1c3fde90cfd39cb
reports/PHASE_9_RECOMMENDATION_ARCHITECTURE.md,DOCUMENTATION,499,06aed4e0e209e489e009c6a65db10813
reports/PHASE_9_SAFETY_AND_CONSTRAINTS.md,DOCUMENTATION,222,7a9a00ecb3d97daac0a107450b52bcde
reports/PREPROCESSING_REPORT.md,DOCUMENTATION,128,77b7723922fd9368cc163cce10c7dbb3
reports/PRE_GPR_SANITY_CHECK.md,DOCUMENTATION,5014,85ca952417d6b854ca0bafb112cfac60
reports/PROCESS_CONFIGURATIONS.csv,DATASET,1540,f7c438c4b6c14447de2439509a6d801a
reports/PROCESS_CONFIGURATIONS.md,DOCUMENTATION,4269,35872ee70f88da56d1bdc0dff5fcb2bb
reports/PROCESS_PARAMETER_AUDIT.md,DOCUMENTATION,825,047f65e4ca7c59202efe57b568e58b8a
reports/SET1_OPTIMIZATION_ARCHITECTURE_DECISION.md,DOCUMENTATION,3135,a03f909b1a5e65c57205bb8acaf19b9f
reports/SET1_PARAMETER_RESOLUTION.md,DOCUMENTATION,1627,5e4a4530b5c1a35a6d3dfc8a3b107f79
reports/TARGET_COMPARISON.md,DOCUMENTATION,1360,2adbef7650460095894708dcc7171442
reports/TARGET_CONSTRUCTION_REPORT.md,DOCUMENTATION,123,954c57f33761fda454b30dc938726245
reports/TARGET_DATASET_REPORT.md,DOCUMENTATION,100,2ddb6dae2fe5aacbcc36df62038c4020
reports/TARGET_DEFINITION_RECOMMENDATION.md,DOCUMENTATION,767,17620ba1482a5c0b348900ac7044299d
reports/TARGET_LEAKAGE_AUDIT.md,DOCUMENTATION,2138,2679d29e6ac44932f7dbd2e48a15f949
reports/TEMPORAL_VARIABLE_AUDIT.md,DOCUMENTATION,1006,c5d6af9308731f28e177c103f79ae3db
reports/TRAIN_TEST_SPLIT.md,DOCUMENTATION,65,759e58783bd0a555ff2a84ba8e85c1eb
reports/WEAR_PROGRESSION_AUDIT.md,DOCUMENTATION,2031,0c47805021174345d548bdf18c489fa7
results/phase10_5_failure_analysis.csv,DATASET,2800,fd02f1b201cbaec4924292236a05e04e
results/phase10_5_recommendation_frequency.csv,DATASET,365,1986a0b9f001a99df374663a540220f4
results/phase10_5_score_components.csv,DATASET,271009,6eb71fbbafc887197ba00a4ff3535ca6
results/phase10_5_temporal_backtest.csv,DATASET,98389,ef80e4195e59f3ae1cd3b61113a9720a
results/phase10_6_failure_analysis.csv,DATASET,2800,fd02f1b201cbaec4924292236a05e04e
results/phase10_6_recommendation_frequency.csv,DATASET,365,45c8deec612457004f3bb82b0849e89c
results/phase10_6_score_components.csv,DATASET,271009,6eb71fbbafc887197ba00a4ff3535ca6
results/phase10_6_temporal_backtest.csv,DATASET,98389,ef80e4195e59f3ae1cd3b61113a9720a
results/phase10_candidate_audit.csv,DATASET,650,ab749511b0ff1d0d66b6181118f70dc5
results/phase10_edge_cases.csv,DATASET,113,83916d828811e0dc21ec3fcf3a508009
results/phase10_recommendation_frequency.csv,DATASET,249,999e9620b828a06a2eb42585078c53a9
results/phase11_smoke_test_results.json,CONFIG,11367,145c02755551be08ff46c0b12829ba1e
results/phase12_interface_compatibility.csv,DATASET,323,f274dd2f89ea82ae172c1b74b5145511
results/phase12_rul_feature_availability.csv,DATASET,323,2156b69c8ecb5eb5f0d771d2c34faafe
results/phase13_rul_runtime_feature_matrix.csv,DATASET,8021,d4fb22cd4da28ca671871ab1ec0572b1
results/phase14_rul_runtime_feature_matrix.csv,DATASET,5332,4dfb1cb70ca36a0b655d8351e5282503
results/phase15_file_inventory.csv,DATASET,235879,29a06c9cd233c16944fe97e66b362d45
results/phase9_backtest.csv,DATASET,92942,9077a51c86161577ce295b9f7c038c1d
results/phase9_candidates.csv,DATASET,525,4a7d945cecb0f2e571b7442d728dbbc1
results/phase9_configuration_performance.csv,DATASET,1025,f86bdf4fd9292b3f99310d1fcfd7b030
results/phase9_parameter_configurations.csv,DATASET,360,d069faaf1459487f0448d68cffbd3c11
results/phase9_parameter_domain.csv,DATASET,153,10471c87700ba688ba6c812a3eab3cff
results/metrics/gpr_loso_results.csv,DATASET,8930,fb831e498374e673fbf17f178038dbbc
results/metrics/gpr_v2_kernel_comparison.csv,DATASET,579,b47e71755402c3b0af7f61f9fce41e65
results/metrics/gpr_v2_loso_results.csv,DATASET,11793,139f5eddf051ce9775a62956f43d0554
results/metrics/gpr_v2_parameter_configuration_analysis.csv,DATASET,994,0df6292006d7c0bfc3d8470dacfb375b
results/metrics/gpr_v2_target_analysis.csv,DATASET,903,22157845549476950df835a61090136e
results/metrics/gpr_v2_training_performance.csv,DATASET,82320,0439070213d999bb52336601eabdc9c3
results/metrics/kernel_comparison.csv,DATASET,678,a1a9e3569a5f40b5a29336652d0b89ca
results/metrics/model_comparison_h20.csv,DATASET,1921,5de6746d724feba8c8ff507132a0d677
results/metrics/phase8_5_baseline_verification.csv,DATASET,772,3189a9a73f27ea6c688831aaac972727
results/metrics/phase8_5_loso_extrapolation.csv,DATASET,399,9bbaabbcda1b18c427d464771fa78a0f
results/metrics/phase8_5_parameter_signal.csv,DATASET,131,0f8ee5e0592a4ec0eb03cc041cd8151b
results/metrics/phase8_5_set_target_statistics.csv,DATASET,957,678f06d07337ab1f7abc41d4f49dfdd7
results/metrics/target_horizon_comparison.csv,DATASET,1221,4837555c241e325177d99dc1db6c554f
results/metrics/training_performance.csv,DATASET,61197,16b5c05343bebeacdddf025b0df7ee0b
results/plots/future_wear_rate_by_set.png,OTHER,29499,62a0bc16e0a0d598b69b244e73ad9ce8
results/plots/future_wear_rate_distribution.png,OTHER,18696,6323fd8d7684c010833e7bc543a5a6ed
results/plots/future_wear_rate_vs_Ap.png,OTHER,20084,34fcb3ef63053862f8e0fa1d53f7a283
results/plots/future_wear_rate_vs_current_wear.png,OTHER,30025,dc0048757d69df2f9d4066f087f2cf82
results/plots/future_wear_rate_vs_fz.png,OTHER,24991,0d6b9242b9bb4fd2ba3115dc36be50ad
results/plots/future_wear_rate_vs_n.png,OTHER,21343,b7691a199794304c645fefd9cd6e39d1
results/plots/gpr_actual_vs_predicted.png,OTHER,20903,47123895ca353099ede9816c1e0f2276
results/plots/gpr_residuals.png,OTHER,12727,9653bddd7dc58c220b95bdcd5f97953a
results/plots/gpr_uncertainty.png,OTHER,24615,9ce4e97c04deab15b1c943d14b949041
results/plots/gpr_v2_actual_vs_predicted.png,OTHER,35631,4bad3d5428c2b7a23e2aaac04bb26bc9
results/plots/gpr_v2_residuals.png,OTHER,31100,a1d33c6a319cb82ec9536f620c5b99e0
results/plots/gpr_v2_uncertainty.png,OTHER,34814,0f314f8f47fbebd2dad76a9f33495b42
results/plots/target_distribution_h20.png,OTHER,22961,521e5b95db38fbf75d372539097becfa
results/plots/wear_delta_by_set.png,OTHER,31293,9d4529bc18061d1474accf81363595fb
results/plots/wear_delta_distribution.png,OTHER,23818,abcd8199350d60dec08f253b0e699855
results/predictions/gpr_loso_predictions.csv,DATASET,278334,5179ac9ec73a86196a56f407134d3845
results/predictions/gpr_v2_loso_predictions.csv,DATASET,357732,2dc2e44e1cc7e5de480aeeae6cb41aa6
results/predictions/phase8_loso_predictions.csv,DATASET,851519,9ec991a2a728e22a71f3e3c43519f31e
scripts/audit_dataset.py,SOURCE,7032,764a752db5cf9b87c5fc31910d595231
scripts/audit_phase10.py,SOURCE,5513,69068da3b99fbbadee8625ccc7119b3b
scripts/audit_phase3.py,SOURCE,3462,bd46ef7ae71e809009ace1e35b7730a4
scripts/audit_phase4.py,SOURCE,1409,5e5e4b830ebf5189cd16e82bcfa2f2ba
scripts/audit_phase6_5.py,SOURCE,10517,634442fb3a986f37feb5099039a767ac
scripts/audit_phase7.py,SOURCE,7670,a3a21431aff6d7ed84a7bdca7f17b63b
scripts/audit_phase8_5.py,SOURCE,7980,9a2e8ded8ba2e0cf6addb221442a6175
scripts/benchmark_phase8.py,SOURCE,19656,d11869973b66d654165344195367a266
scripts/build_training_dataset.py,SOURCE,8168,1a3c0a17e48b9036d18b1f0e3957664d
scripts/check_spacing.py,SOURCE,478,c1ebdf0a458c990e9c24ce8487a10317
scripts/filter_set1.py,SOURCE,493,7bc94cbf3acf99dd5fd380e4674b8e9c
scripts/final_recommendation_test.py,SOURCE,934,392310dd2e6297cb51603608af078b32
scripts/generate_phase14_feature_matrix.py,SOURCE,2892,a181cd056237adab00ac690a2b4da15d
scripts/inventory.py,SOURCE,1909,399860dc452b93d208c21f871dfbbf60
scripts/phase10_5_generate_report.py,SOURCE,3395,ca2bf7d40e2052c2342ee7479c348aeb
scripts/phase10_5_temporal_backtest.py,SOURCE,8390,77425687556132fcc26e749d389c066d
scripts/phase10_6_generate_report.py,SOURCE,4089,816b74e4e92117b5d6d3c5f9b3843d7b
scripts/phase10_6_temporal_backtest.py,SOURCE,8656,3d74f30c80a954ee72ea6c3c1346da07
scripts/phase11_smoke_test.py,SOURCE,2486,7926fb9e659e52ab656cd5d20650379d
scripts/phase12_end_to_end_test.py,SOURCE,3130,6692dd3ceca0c66ea5b043d837f1d06a
scripts/phase13_end_to_end_test.py,SOURCE,3456,e6863013a729adad68a824514083ea93
scripts/phase9_backtest.py,SOURCE,2794,6480ffcc6a9713ac04a920d0d478b11d
scripts/phase9_build_candidates.py,SOURCE,1818,8b7167d96376d36c84c8488a528fcd9a
scripts/phase9_generate_report.py,SOURCE,4767,91694005cbd29d03fa72c7afbe64c188
scripts/recover_csvs.py,SOURCE,5264,a3abaaeb8781a9684cc13cae9a06fbbe
scripts/reengineer_dataset.py,SOURCE,6464,95fbcf2ce8a612d127820df974bda61d
scripts/resolve_ambiguities.py,SOURCE,12414,06c2e932baaa0e2122c6e1bbd6a34943
scripts/sanity_check.py,SOURCE,4516,27d0b68b234ff6892c53719b76379402
scripts/serialize_artifacts.py,SOURCE,1770,4d34f43ffabc06499d8b7d636068e27a
scripts/validate_future_wear_dataset.py,SOURCE,1640,ddf1a65ff66856b11a9d3afc4564e341
src/__init__.py,SOURCE,0,d41d8cd98f00b204e9800998ecf8427e
src/data/build_training_dataset.py,SOURCE,0,d41d8cd98f00b204e9800998ecf8427e
src/data/inspect_dataset.py,SOURCE,0,d41d8cd98f00b204e9800998ecf8427e
src/data/preprocess.py,SOURCE,619,0e1cae069c51219777c9aa63405878d3
src/data/preprocess_v2.py,SOURCE,654,ae4978c734099c1d18b516751b86e5a6
src/data/validate_dataset.py,SOURCE,0,d41d8cd98f00b204e9800998ecf8427e
src/data/__init__.py,SOURCE,0,d41d8cd98f00b204e9800998ecf8427e
src/features/feature_builder.py,SOURCE,0,d41d8cd98f00b204e9800998ecf8427e
src/features/wear_rate.py,SOURCE,0,d41d8cd98f00b204e9800998ecf8427e
src/features/__init__.py,SOURCE,0,d41d8cd98f00b204e9800998ecf8427e
src/recommendation/candidate_generator.py,SOURCE,1194,78031c7c2ba23cfd8ec903ebfa32e02d
src/recommendation/constraints.py,SOURCE,1380,5c9663761707f34eb518cc7a5c1b932c
src/recommendation/recommender.py,SOURCE,3000,4feab1b74bcd04543f1bfdb45096c5e9
src/recommendation/scoring.py,SOURCE,2689,3f79f3fd14a5a4f1898c1a867a558988
src/recommendation/__init__.py,SOURCE,38,9747cc4c585618b3c9c0a10f13a49fcc
src/utils/paths.py,SOURCE,0,d41d8cd98f00b204e9800998ecf8427e
src/utils/__init__.py,SOURCE,0,d41d8cd98f00b204e9800998ecf8427e
tests/test_dataset.py,SOURCE,1585,defb2559c22a646dfa68588a7b80f0a2
tests/test_features.py,SOURCE,0,d41d8cd98f00b204e9800998ecf8427e
tests/test_final_serialized_artifacts.py,SOURCE,1440,76a3aa7358105725b10d59fc3ded6134
tests/test_model.py,SOURCE,0,d41d8cd98f00b204e9800998ecf8427e
tests/test_phase10_5_temporal_validation.py,SOURCE,820,57f5cae86c9fb926aa33efc1e3d5019c
tests/test_phase10_6_scoring.py,SOURCE,1118,d1486e24d91ef2af818de14ea0bd9815
tests/test_phase10_validation.py,SOURCE,1483,7c50f33a18ea3de2c29fbf73b202b0ab
tests/test_phase11_handoff.py,SOURCE,1790,91e0f6c99342b536728db81d852ad1eb
tests/test_phase12_integration.py,SOURCE,954,216f2f75e3782659bbf522f01e910c0b
tests/test_phase13_runtime_pipeline.py,SOURCE,966,9681af1b141ebab37fe1e26920890a2b
tests/test_phase8_5_audit.py,SOURCE,1658,7344c9016fa686cee801e8c72d635950
tests/test_phase8_models.py,SOURCE,2292,be7be8317e1e75ab3c5c4c21c0cc989c
tests/test_phase9_recommendation.py,SOURCE,3048,7d9eb06ce8af54865383fbd75cf84ba4
tests/test_wear_rate.py,SOURCE,0,d41d8cd98f00b204e9800998ecf8427e
tests/__init__.py,SOURCE,0,d41d8cd98f00b204e9800998ecf8427e
